player_id,player,position,team,pass_cmp,pass_att,pass_yds,pass_td,pass_int,pass_sacked,pass_sacked_yds,pass_long,pass_rating,rush_att,rush_yds,rush_td,rush_long,targets,rec,rec_yds,rec_td,rec_long,fumbles_lost,rush_yac,rec_yac,rec_drops
BradGa00,Garrett Bradbury,C,MIN,0,0,0,0,0,0,0,0,0.0,0,0,0,0,1,1,21,0,21,0,0,24,0
WilkCh00,Christian Wilkins,DT,MIA,0,0,0,0,0,0,0,0,0.0,0,0,0,0,1,1,1,1,1,0,0,0,0
BellNi01,Nick Bellore,LB,SEA,0,0,0,0,0,0,0,0,0.0,0,0,0,0,1,1,4,0,4,0,0,4,0
FejeCl00,Clayton Fejedelem ,SS,MIA,0,0,0,0,0,0,0,0,0.0,1,0,0,0,0,0,0,0,0,1,0,0,0
ChanSe00,Sean Chandler,SS,CAR,0,0,0,0,0,0,0,0,0.0,1,14,0,14,0,0,0,0,0,0,0,0,0
PintDa00,Danny Pinter,G,IND,0,0,0,0,0,0,0,0,0.0,0,0,0,0,1,1,2,1,2,0,0,0,0
BoswCh00,Chris Boswell,K,PIT,0,1,0,0,0,0,0,0,39.6,0,0,0,0,0,0,0,0,0,0,0,0,0
CrosKe00,Keion Crossen,CB,NYG,0,0,0,0,0,0,0,0,0.0,0,0,0,0,1,0,0,0,0,0,0,0,0
CampTe00,Tevaughn Campbell,CB,LAC,0,0,0,0,0,0,0,0,0.0,0,0,0,0,1,0,0,0,0,0,0,0,0
SmitTr04,Tremon Smith,CB,HOU,0,0,0,0,0,0,0,0,0.0,1,7,0,7,0,0,0,0,0,0,2,0,0
HookAm00,Amani Hooker,FS,TEN,0,0,0,0,0,0,0,0,0.0,0,0,0,0,1,1,6,0,6,0,0,2,0
WingAn01,Andrew Wingard,FS,JAX,0,0,0,0,0,0,0,0,0.0,1,4,0,4,0,0,0,0,0,0,1,0,0
PricBo00,Bobby Price,FS,DET,0,0,0,0,0,0,0,0,0.0,0,0,0,0,1,1,17,0,17,0,0,8,0
MoorCJ01,C.J. Moore,FS,DET,0,0,0,0,0,0,0,0,0.0,1,28,0,28,0,0,0,0,0,0,0,0,0
BanjCh00,Chris Banjo,FS,ARI,1,1,23,0,0,0,0,23,118.7,0,0,0,0,0,0,0,0,0,0,0,0,0
LeavDa00,Dallin Leavitt,FS,LVR,0,0,0,0,0,0,0,0,0.0,2,6,0,4,0,0,0,0,0,0,1,0,0
FarlMa00,Matthias Farley,FS,TEN,1,1,6,0,0,0,0,6,91.7,0,0,0,0,0,0,0,0,0,0,0,0,0
LeexAn20,Andy Lee,P,ARI,0,0,0,0,0,0,0,0,0.0,1,0,0,0,0,0,0,0,0,1,0,0,0
GillBl00,Blake Gillikin,P,NOR,0,1,0,0,0,0,0,0,39.6,0,0,0,0,0,0,0,0,0,0,0,0,0
MannBr01,Braden Mann,P,NYJ,0,0,0,0,0,0,0,0,0.0,1,4,0,4,0,0,0,0,0,0,2,0,0
FoxxJa01,Jack Fox,P,DET,2,3,38,0,0,0,0,21,92.33333333333333,0,0,0,0,0,0,0,0,0,0,0,0,0
GillJa00,Jamie Gillan,P,CLE,0,0,0,0,0,0,0,0,0.0,1,0,0,-8,0,0,0,0,0,0,0,0,0
HekkJo00,Johnny Hekker,P,LAR,1,1,2,0,0,0,0,2,39.6,1,0,0,0,0,0,0,0,0,1,0,0,0
PalaMi00,Michael Palardy,P,MIA,0,0,0,0,0,0,0,0,0.0,1,1,0,1,0,0,0,0,0,0,0,0,0
DixoRi00,Riley Dixon,P,NYG,0,1,0,0,0,0,0,0,39.6,0,0,0,0,0,0,0,0,0,0,0,0,0
KochSa20,Sam Koch,P,BAL,0,1,0,0,0,0,0,0,39.6,0,0,0,0,0,0,0,0,0,0,0,0,0
TownTo01,Tommy Townsend,P,KAN,1,1,16,0,0,0,0,16,118.7,0,0,0,0,0,0,0,0,0,0,0,0,0
LongTy00,Ty Long,P,LAC,0,1,0,0,0,0,0,0,39.6,0,0,0,0,0,0,0,0,0,0,0,0,0
ThomAn02,Andrew Thomas,T,NYG,0,0,0,0,0,0,0,0,0.0,0,0,0,0,1,1,2,1,2,0,0,0,0
McDeCo00,Conor McDermott,T,NYJ,0,0,0,0,0,0,0,0,0.0,0,0,0,0,1,1,1,1,1,0,0,0,0
DawkDi00,Dion Dawkins,T,BUF,0,0,0,0,0,0,0,0,0.0,0,0,0,0,1,0,0,0,0,0,0,0,0
JohnLa01,Lane Johnson,T,PHI,0,0,0,0,0,0,0,0,0.0,0,0,0,0,1,1,5,1,5,0,0,0,0
NelsMa00,Matt Nelson,T,DET,0,0,0,0,0,0,0,0,0.0,0,0,0,0,1,0,0,0,0,0,0,0,0
RemmMi00,Mike Remmers,T,KAN,0,0,0,0,0,0,0,0,0.0,0,0,0,0,1,1,-2,0,-2,0,0,-2,0
DeckTa00,Taylor Decker,T,DET,0,0,0,0,0,0,0,0,0.0,0,0,0,0,2,2,4,1,4,0,0,1,0
SteeTe01,Terence Steele,T,DAL,0,0,0,0,0,0,0,0,0.0,0,0,0,0,1,1,1,1,1,0,0,0,0
WillTr21,Trent Williams,T,SFO,0,0,0,0,0,0,0,0,0.0,0,0,0,0,1,0,0,0,0,0,0,0,0
PrenAd00,Adam Prentice,FB,NOR,0,0,0,0,0,0,0,0,0.0,3,5,0,2,3,3,16,0,16,0,2,15,0
IngoAl01,Alec Ingold,FB,LVR,0,0,0,0,0,0,0,0,0.0,2,1,0,1,12,10,85,1,59,0,0,46,1
JanoAn00,Andy Janovich,FB,CLE,0,0,0,0,0,0,0,0,0.0,2,0,1,1,4,3,9,0,6,0,1,4,0
HamxC.00,C.J. Ham,FB,MIN,0,0,0,0,0,0,0,0,0.0,7,34,0,30,18,17,125,0,118,0,11,61,0
GillCu00,Cullen Gillaspia,FB,NYG,0,0,0,0,0,0,0,0,0.0,0,0,0,0,0,0,0,0,0,0,0,0,0
WattDe00,Derek Watt,FB,PIT,0,0,0,0,0,0,0,0,0.0,1,1,0,1,3,3,15,0,15,0,1,16,0
PennEl00,Elijhaa Penny,FB,NYG,0,0,0,0,0,0,0,0,0.0,0,0,0,0,1,0,0,0,0,0,0,0,0
NabeGa00,Gabe Nabers,FB,LAC,0,0,0,0,0,0,0,0,0.0,2,6,0,4,3,3,17,0,14,0,2,8,0
RiccGi00,Giovanni Ricci,FB,CAR,0,0,0,0,0,0,0,0,0.0,0,0,0,0,2,0,0,0,0,0,0,0,0
JohnJa12,Jakob Johnson,FB,NWE,0,0,0,0,0,0,0,0,0.0,0,0,0,0,5,4,43,0,40,0,0,34,0
CabiJa00,Jason Cabinda,FB,DET,0,0,0,0,0,0,0,0,0.0,3,23,0,21,7,4,16,1,14,0,11,8,2
StanJo02,Johnny Stanton,FB,CLE,0,0,0,0,0,0,0,0,0.0,3,5,0,3,2,2,7,1,7,0,3,4,0
SmitKe03,Keith Smith,FB,ATL,0,0,0,0,0,0,0,0,0.0,7,18,0,5,7,6,38,0,32,0,12,30,1
BlasKh00,Khari Blasingame,FB,TEN,0,0,0,0,0,0,0,0,0.0,3,6,0,3,2,2,4,0,4,1,6,4,0
JuszKy00,Kyle Juszczyk,FB,SFO,0,0,0,0,0,0,0,0,0.0,8,22,1,6,38,30,296,1,175,0,8,151,0
BurtMi00,Michael Burton,FB,KAN,0,0,0,0,0,0,0,0,0.0,8,26,1,7,3,3,31,0,31,0,15,36,0
RalsNi00,Nick Ralston,FB,DAL,0,0,0,0,0,0,0,0,0.0,0,0,0,0,0,0,0,0,0,0,0,0,0
RicaPa00,Patrick Ricard,FB,BAL,0,0,0,0,0,0,0,0,0.0,2,4,0,2,13,8,63,1,44,0,3,45,0
GillRe00,Reggie Gilliam,FB,BUF,0,0,0,0,0,0,0,0,0.0,3,3,0,2,5,3,23,0,23,0,3,22,1
SmitSu00,Sutton Smith,FB,LVR,0,0,0,0,0,0,0,0,0.0,0,0,0,0,0,0,0,0,0,0,0,0,0
ShahAd00,Adam Shaheen,TE,MIA,0,0,0,0,0,0,0,0,0.0,0,0,0,0,16,12,110,0,76,0,0,41,2
TrauAd00,Adam Trautman,TE,NOR,0,0,0,0,0,0,0,0,0.0,0,0,0,0,43,27,263,2,137,1,0,111,4
OkwuAl00,Albert Okwuegbunam,TE,DEN,0,0,0,0,0,0,0,0,0.0,0,0,0,0,40,33,330,2,205,1,0,245,2
BeckAn01,Andrew Beck,TE,DEN,0,0,0,0,0,0,0,0,0.0,0,0,0,0,0,0,0,0,0,0,0,0,0
FirkAn00,Anthony Firkser,TE,TEN,0,0,0,0,0,0,0,0,0.0,0,0,0,0,43,34,291,2,160,1,0,111,3
AuclAn00,Antony Auclair,TE,HOU,0,0,0,0,0,0,0,0,0.0,0,0,0,0,5,5,47,1,39,0,0,25,0
HoopAu00,Austin Hooper,TE,CLE,0,0,0,0,0,0,0,0,0.0,0,0,0,0,61,38,345,3,180,0,0,185,6
ElleBe00,Ben Ellefson,TE,MIN,0,0,0,0,0,0,0,0,0.0,0,0,0,0,1,0,0,0,0,0,0,0,1
BellBl00,Blake Bell,TE,KAN,0,0,0,0,0,0,0,0,0.0,4,10,0,3,13,9,87,0,76,0,3,67,1
JarwBl00,Blake Jarwin,TE,DAL,0,0,0,0,0,0,0,0,0.0,0,0,0,0,17,11,96,2,60,0,0,38,0
JordBr00,Brevin Jordan,TE,HOU,0,0,0,0,0,0,0,0,0.0,0,0,0,0,28,20,178,3,100,0,0,99,1
WrigBr01,Brock Wright,TE,DET,0,0,0,0,0,0,0,0,0.0,0,0,0,0,17,12,117,2,89,0,0,64,1
HopkBr01,Brycen Hopkins,TE,LAR,0,0,0,0,0,0,0,0,0.0,0,0,0,0,1,1,9,0,9,0,0,6,0
UzomC.00,C.J. Uzomah,TE,CIN,0,0,0,0,0,0,0,0,0.0,0,0,0,0,63,49,493,5,243,0,0,300,4
BratCa00,Cameron Brate,TE,TAM,0,0,0,0,0,0,0,0,0.0,0,0,0,0,57,30,245,4,150,0,0,81,3
CartCe00,Cethan Carter,TE,MIA,0,0,0,0,0,0,0,0,0.0,0,0,0,0,2,2,16,0,16,0,0,8,0
WoerCh00,Charlie Woerner,TE,SFO,0,0,0,0,0,0,0,0,0.0,0,0,0,0,6,5,52,0,49,0,0,9,0
HernCh00,Chris Herndon,TE,MIN,0,0,0,0,0,0,0,0,0.0,0,0,0,0,7,4,40,1,40,0,0,31,2
ManhCh00,Chris Manhertz,TE,JAX,0,0,0,0,0,0,0,0,0.0,0,0,0,0,9,6,71,1,71,0,0,26,0
MyarCh00,Chris Myarick,TE,NYG,0,0,0,0,0,0,0,0,0.0,0,0,0,0,6,3,17,1,16,0,0,8,2
McElCo00,Codey McElroy,TE,TAM,0,0,0,0,0,0,0,0,0.0,0,0,0,0,1,0,0,0,0,0,0,0,0
ParkCo02,Colby Parkinson,TE,SEA,0,0,0,0,0,0,0,0,0.0,0,0,0,0,8,5,33,0,31,0,0,20,0
KmetCo00,Cole Kmet,TE,CHI,0,0,0,0,0,0,0,0,0.0,1,0,0,0,93,60,612,0,253,0,0,246,5
ThomCo03,Colin Thompson,TE,CAR,0,0,0,0,0,0,0,0,0.0,0,0,0,0,1,0,0,0,0,0,0,0,0
GoedDa00,Dallas Goedert,TE,PHI,0,0,0,0,0,0,0,0,0.0,0,0,0,0,76,56,830,4,326,0,0,386,5
SchuDa00,Dalton Schultz,TE,DAL,0,0,0,0,0,0,0,0,0.0,0,0,0,0,104,78,808,8,283,0,0,348,4
ArnoDa00,Dan Arnold,TE,CAR,0,0,0,0,0,0,0,0,0.0,0,0,0,0,52,35,408,0,162,1,0,188,2
BrowDa04,Daniel Brown,TE,NYJ,0,0,0,0,0,0,0,0,0.0,0,0,0,0,2,2,29,0,24,0,0,22,0
HelmDa01,Daniel Helm,TE,LVR,0,0,0,0,0,0,0,0,0.0,0,0,0,0,2,1,-1,0,-1,0,0,2,0
DaniDa02,Darrell Daniels,TE,ARI,0,0,0,0,0,0,0,0,0.0,0,0,0,0,4,1,0,0,0,0,0,1,1
FellDa01,Darren Fells,TE,DET,0,0,0,0,0,0,0,0,0.0,0,0,0,0,5,4,43,0,32,0,0,27,0
WallDa01,Darren Waller,TE,LVR,0,0,0,0,0,0,0,0,0.0,0,0,0,0,93,55,665,2,260,0,0,242,5
NjokDa00,David Njoku,TE,CLE,0,0,0,0,0,0,0,0,0.0,1,1,0,1,53,36,475,4,274,0,1,247,2
WellDa00,David Wells,TE,ARI,0,0,0,0,0,0,0,0,0.0,0,0,0,0,0,0,0,0,0,0,0,0,0
KnoxDa00,Dawson Knox,TE,BUF,0,0,0,0,0,0,0,0,0.0,0,4,0,0,71,49,587,9,285,0,0,277,4
HarrDe03,Demetrius Harris,TE,ARI,0,0,0,0,0,0,0,0,0.0,0,0,0,0,6,3,10,0,10,0,0,13,0
YeldDe00,Deon Yelder,TE,TAM,0,0,0,0,0,0,0,0,0.0,0,0,0,0,1,1,0,0,0,0,0,2,0
CarrDe00,Derek Carrier,TE,LVR,0,0,0,0,0,0,0,0,0.0,0,0,0,0,2,2,13,0,9,0,0,6,0
AsiaDe00,Devin Asiasi,TE,NWE,0,0,0,0,0,0,0,0,0.0,0,0,0,0,0,0,0,0,0,0,0,0,0
DafnDo00,Dominique Dafney,TE,GNB,0,0,0,0,0,0,0,0,0.0,0,0,0,0,4,2,34,0,34,0,0,31,0
ParhDo00,Donald Parham,TE,LAC,0,0,0,0,0,0,0,0,0.0,0,0,0,0,27,20,190,3,133,0,0,135,2
SampDr00,Drew Sample,TE,CIN,0,0,0,0,0,0,0,0,0.0,0,0,0,0,15,11,81,0,57,0,0,82,1
SmytDu00,Durham Smythe,TE,MIA,0,0,0,0,0,0,0,0,0.0,2,3,0,2,41,34,357,0,205,0,0,160,1
EbroEr00,Eric Ebron,TE,PIT,0,0,0,0,0,0,0,0,0.0,1,1,1,1,18,12,84,1,61,0,0,21,1
SaubEr00,Eric Saubert,TE,DEN,0,0,0,0,0,0,0,0,0.0,0,0,0,0,12,8,47,1,35,0,0,29,1
TomlEr01,Eric Tomlinson,TE,BAL,0,0,0,0,0,0,0,0,0.0,0,0,0,0,1,1,7,0,7,0,0,4,0
WolfEt00,Ethan Wolf,TE,NOR,0,0,0,0,0,0,0,0,0.0,0,0,0,0,2,2,8,0,4,0,0,6,0
EngrEv00,Evan Engram,TE,NYG,0,0,0,0,0,0,0,0,0.0,1,-3,0,0,73,46,408,3,200,1,0,183,6
MoreFo00,Foster Moreau,TE,LVR,0,0,0,0,0,0,0,0,0.0,0,0,0,0,44,30,373,3,223,0,0,189,4
GrifGa00,Garrett Griffin,TE,NOR,0,0,0,0,0,0,0,0,0.0,0,0,0,0,4,4,39,0,23,0,0,27,0
SwaiGe00,Geoff Swaim,TE,TEN,0,0,0,0,0,0,0,0,0.0,0,0,0,0,40,31,210,3,131,0,0,139,1
KittGe00,George Kittle,TE,SFO,0,0,0,0,0,0,0,0,0.0,3,20,0,9,94,71,910,6,321,1,9,450,2
EverGe00,Gerald Everett,TE,SEA,0,0,0,0,0,0,0,0,0.0,3,20,0,13,63,48,478,4,243,2,5,249,3
BryaHa00,Harrison Bryant,TE,CLE,0,0,0,0,0,0,0,0,0.0,0,0,0,0,28,21,233,3,177,0,0,79,1
HursHa00,Hayden Hurst,TE,ATL,0,0,0,0,0,0,0,0,0.0,0,0,0,0,31,26,221,3,134,1,0,89,0
HenrHu00,Hunter Henry,TE,NWE,0,0,0,0,0,0,0,0,0.0,0,0,0,0,75,50,603,9,305,0,0,144,0
KampHu00,Hunter Kampmoyer,TE,LAC,0,0,0,0,0,0,0,0,0.0,0,0,0,0,0,0,0,0,0,0,0,0,0
LongHu00,Hunter Long,TE,MIA,0,0,0,0,0,0,0,0,0.0,0,0,0,0,3,1,8,0,8,0,0,4,0
BuntIa00,Ian Bunting,TE,DAL,0,0,0,0,0,0,0,0,0.0,0,0,0,0,0,0,0,0,0,0,0,0,0
ThomIa00,Ian Thomas,TE,CAR,0,0,0,0,0,0,0,0,0.0,0,0,0,0,30,18,188,0,154,0,0,92,4
HoltJ.01,J.P. Holtz,TE,CHI,0,0,0,0,0,0,0,0,0.0,0,0,0,0,0,0,0,0,0,0,0,0,0
DoylJa00,Jack Doyle,TE,IND,0,0,0,0,0,0,0,0,0.0,0,0,0,0,43,29,302,3,165,0,0,125,4
StolJa00,Jack Stoll,TE,PHI,0,0,0,0,0,0,0,0,0.0,0,0,0,0,5,4,22,0,20,0,0,20,0
HarrJa03,Jacob Harris,TE,LAR,0,0,0,0,0,0,0,0,0.0,0,0,0,0,0,0,0,0,0,0,0,0,0
HollJa03,Jacob Hollister,TE,JAX,0,0,0,0,0,0,0,0,0.0,0,0,0,0,14,9,55,1,33,0,0,28,1
O'ShJa00,James O'Shaughnessy,TE,JAX,0,0,0,0,0,0,0,0,0.0,0,0,0,0,34,24,244,0,133,0,0,114,3
CookJa02,Jared Cook,TE,LAC,0,0,0,0,0,0,0,0,0.0,0,0,0,0,83,48,564,4,298,0,0,238,6
PinkJa02,Jared Pinkney,TE,DET,0,0,0,0,0,0,0,0,0.0,0,0,0,0,0,0,0,0,0,0,0,0,0
SpriJe00,Jeremy Sprinkle,TE,DAL,0,0,0,0,0,0,0,0,0.0,0,0,0,0,3,3,31,0,21,0,0,19,0
HorsJe00,Jesper Horsted,TE,CHI,0,0,0,0,0,0,0,0,0.0,0,0,0,0,3,2,21,2,21,0,0,0,1
JameJe00,Jesse James,TE,CHI,0,0,0,0,0,0,0,0,0.0,0,0,0,0,8,7,62,1,31,0,0,18,0
GrahJi00,Jimmy Graham,TE,CHI,0,0,0,0,0,0,0,0,0.0,0,0,0,0,23,14,167,3,124,0,0,55,1
FortJo01,Joe Fortson,TE,KAN,0,0,0,0,0,0,0,0,0.0,0,0,0,0,5,5,47,2,45,0,0,9,0
BateJo00,John Bates,TE,WAS,0,0,0,0,0,0,0,0,0.0,0,0,0,0,25,20,249,1,186,0,0,139,0
MundJo00,Johnny Mundt,TE,LAR,0,0,0,0,0,0,0,0,0.0,0,0,0,0,1,1,9,0,9,0,0,2,0
SmitJo01,Jonnu Smith,TE,NWE,0,0,0,0,0,0,0,0,0.0,9,40,0,9,45,28,294,1,193,0,24,232,4
AkinJo00,Jordan Akins,TE,HOU,0,0,0,0,0,0,0,0,0.0,1,3,0,3,33,24,214,0,122,2,3,81,3
FranJo03,Jordan Franks,TE,CLE,0,0,0,0,0,0,0,0,0.0,0,0,0,0,0,0,0,0,0,0,0,0,0
OlivJo00,Josh Oliver,TE,BAL,0,0,0,0,0,0,0,0,0.0,0,0,0,0,15,9,66,0,50,0,0,25,0
DeguJo00,Josiah Deguara,TE,GNB,0,0,0,0,0,0,0,0,0.0,0,0,0,0,33,25,245,2,180,0,0,204,2
JohnJu02,Juwan Johnson,TE,NOR,0,0,0,0,0,0,0,0,0.0,0,0,0,0,19,10,138,2,123,0,0,25,1
SmitKa00,Kaden Smith,TE,NYG,0,0,0,0,0,0,0,0,0.0,0,0,0,0,3,3,33,0,30,0,0,11,0
WarrKa00,Kahale Warring,TE,BUF,0,0,0,0,0,0,0,0,0.0,0,0,0,0,0,0,0,0,0,0,0,0,0
SmitKe03,Keith Smith,TE,ATL,0,0,0,0,0,0,0,0,0.0,2,13,0,8,3,3,18,0,9,0,0,8,0
BlanKe01,Kendall Blanton,TE,LAR,0,0,0,0,0,0,0,0,0.0,0,0,0,0,7,4,37,0,31,0,0,13,2
YeboKe00,Kenny Yeboah,TE,NYJ,0,0,0,0,0,0,0,0,0.0,0,0,0,0,3,2,36,0,24,0,0,3,1
RadeKe00,Kevin Rader,TE,PIT,0,0,0,0,0,0,0,0,0.0,0,0,0,0,3,2,8,0,8,0,0,4,0
PittKy00,Kyle Pitts,TE,ATL,0,0,0,0,0,0,0,0,0.0,0,0,0,0,110,68,1026,1,467,0,0,313,6
RudoKy00,Kyle Rudolph,TE,NYG,0,0,0,0,0,0,0,0,0.0,0,0,0,0,39,26,257,1,205,0,0,137,0
GranKy00,Kylen Granson,TE,IND,0,0,0,0,0,0,0,0,0.0,0,0,0,0,15,11,106,0,95,0,0,76,0
SmitLe00,Lee Smith,TE,ATL,0,0,0,0,0,0,0,0,0.0,0,0,0,0,11,9,65,1,53,0,0,31,0
ThomLo00,Logan Thomas,TE,WAS,0,0,0,0,0,0,0,0,0.0,0,0,0,0,25,18,196,3,100,1,0,82,0
FarrLu00,Luke Farrell,TE,JAX,0,0,0,0,0,0,0,0,0.0,0,0,0,0,11,7,56,0,56,0,0,28,1
StocLu00,Luke Stocker,TE,MIN,0,0,0,0,0,0,0,0,0.0,0,0,0,0,2,2,12,0,12,0,0,6,0
LewiMa00,Marcedes Lewis,TE,GNB,0,0,0,0,0,0,0,0,0.0,0,0,0,0,28,23,214,0,124,0,0,144,0
AndrMa00,Mark Andrews,TE,BAL,0,0,0,0,0,0,0,0,0.0,1,0,0,0,153,107,1361,9,444,0,0,458,3
BushMa00,Matt Bushman,TE,LVR,0,0,0,0,0,0,0,0,0.0,0,0,0,0,0,0,0,0,0,0,0,0,0
LaCoMa00,Matt LaCosse,TE,NWE,0,0,0,0,0,0,0,0,0.0,0,0,0,0,0,0,0,0,0,0,0,0,0
WillMa04,Maxx Williams,TE,ARI,0,0,0,0,0,0,0,0,0.0,0,0,0,0,17,16,193,1,80,0,0,125,0
GesiMi00,Mike Gesicki,TE,MIA,0,1,0,0,0,0,0,0,2.3294117647058825,0,0,0,0,112,73,780,2,317,0,0,221,3
ForrMi00,Miller Forristall,TE,CLE,0,0,0,0,0,0,0,0,0.0,0,0,0,0,0,0,0,0,0,0,0,0,0
WilcMi01,Mitchell Wilcox,TE,CIN,0,0,0,0,0,0,0,0,0.0,0,0,0,0,5,3,16,0,8,0,0,8,1
AlieMo00,Mo Alie-Cox,TE,IND,0,0,0,0,0,0,0,0,0.0,0,0,0,0,45,24,316,4,234,0,0,150,2
PruiMy00,MyCole Pruitt,TE,TEN,0,0,0,0,0,0,0,0,0.0,0,0,0,0,18,14,145,3,111,0,0,59,0
GrifNa00,Nakia Griffin-Stewart,TE,KAN,0,0,0,0,0,0,0,0,0.0,0,0,0,0,0,0,0,0,0,0,0,0,0
BoweNi00,Nick Bowers,TE,LVR,0,0,0,0,0,0,0,0,0.0,0,0,0,0,0,0,0,0,0,0,0,0,0
BoylNi00,Nick Boyle,TE,BAL,0,0,0,0,0,0,0,0,0.0,0,0,0,0,2,1,2,0,2,0,0,0,1
VannNi00,Nick Vannett,TE,NOR,0,0,0,0,0,0,0,0,0.0,0,0,0,0,15,9,133,1,90,0,0,92,3
FantNo00,Noah Fant,TE,DEN,0,0,0,0,0,0,0,0,0.0,0,0,0,0,90,68,670,4,278,0,0,309,2
GrayNo00,Noah Gray,TE,KAN,0,0,0,0,0,0,0,0,0.0,0,0,0,0,10,7,36,1,31,0,0,18,1
TogiNo00,Noah Togiai,TE,PHI,0,0,0,0,0,0,0,0,0.0,0,0,0,0,0,0,0,0,0,0,0,0,0
HowaO.00,O.J. Howard,TE,TAM,0,0,0,0,0,0,0,0,0.0,0,0,0,0,21,14,135,1,88,0,0,83,0
HessPa00,Parker Hesse,TE,ATL,0,0,0,0,0,0,0,0,0.0,0,0,0,0,6,5,43,0,29,0,0,21,0
FreiPa00,Pat Freiermuth,TE,PIT,0,0,0,0,0,0,0,0,0.0,0,0,0,0,79,60,497,7,219,1,0,247,2
QuesPa00,Paul Quessenberry,TE,HOU,0,0,0,0,0,0,0,0,0.0,0,0,0,0,0,0,0,0,0,0,0,0,0
BrowPh01,Pharaoh Brown,TE,HOU,0,0,0,0,0,0,0,0,0.0,0,0,0,0,34,23,171,0,98,1,0,106,1
RodgRi00,Richard Rodgers,TE,PHI,0,0,0,0,0,0,0,0,0.0,0,0,0,0,2,2,11,0,9,0,0,10,0
SealRi00,Ricky Seals-Jones,TE,WAS,0,0,0,0,0,0,0,0,0.0,0,0,0,0,49,30,271,2,155,0,0,157,4
GronRo00,Rob Gronkowski,TE,TAM,0,0,0,0,0,0,0,0,0.0,0,0,0,0,89,55,802,6,286,0,0,350,5
TonyRo00,Robert Tonyan,TE,GNB,0,0,0,0,0,0,0,0,0.0,0,0,0,0,29,18,204,2,111,0,0,110,0
DwelRo00,Ross Dwelley,TE,SFO,0,0,0,0,0,0,0,0,0.0,0,0,0,0,5,4,51,1,39,0,0,5,0
TravRo00,Ross Travis,TE,ARI,0,0,0,0,0,0,0,0,0.0,0,0,0,0,0,0,0,0,0,0,0,0,0
GrifRy00,Ryan Griffin,TE,NYJ,0,0,0,0,0,0,0,0,0.0,0,0,0,0,42,27,261,2,184,0,0,149,3
IzzoRy00,Ryan Izzo,TE,TEN,0,0,0,0,0,0,0,0,0.0,0,0,0,0,0,0,0,0,0,0,0,0,0
ReyeSa00,Sammis Reyes,TE,WAS,0,0,0,0,0,0,0,0,0.0,0,0,0,0,0,0,0,0,0,0,0,0,0
McKeSe01,Sean McKeon,TE,DAL,0,0,0,0,0,0,0,0,0.0,0,0,0,0,6,4,27,1,24,0,0,10,0
ZylsSh00,Shane Zylstra,TE,DET,0,0,0,0,0,0,0,0,0.0,0,0,0,0,7,3,34,0,30,0,0,6,0
AndeSt01,Stephen Anderson,TE,LAC,0,0,0,0,0,0,0,0,0.0,0,0,0,0,19,16,165,1,135,0,0,115,0
SullSt00,Stephen Sullivan,TE,CAR,0,0,0,0,0,0,0,0,0.0,0,0,0,0,1,0,0,0,0,0,0,0,1
HockTJ00,T.J. Hockenson,TE,DET,0,0,0,0,0,0,0,0,0.0,0,0,0,0,84,61,583,4,222,0,0,199,1
HudsTa00,Tanner Hudson,TE,SFO,0,0,0,0,0,0,0,0,0.0,0,0,0,0,0,0,0,0,0,0,0,0,0
HemiTe00,Temarrick Hemingway,TE,WAS,0,0,0,0,0,0,0,0,0.0,0,0,0,0,0,0,0,0,0,0,0,0,0
HudsTo00,Tommy Hudson,TE,TEN,0,0,0,0,0,0,0,0,0.0,0,0,0,0,6,3,31,0,31,0,0,24,0
SweeTo00,Tommy Sweeney,TE,BUF,0,0,0,0,0,0,0,0,0.0,0,0,0,0,12,9,44,1,23,0,0,14,1
TremTo00,Tommy Tremble,TE,CAR,0,0,0,0,0,0,0,0,0.0,3,11,1,7,35,20,180,1,133,0,2,70,2
PoljTo00,Tony Poljan,TE,BAL,0,0,0,0,0,0,0,0,0.0,0,0,0,0,0,0,0,0,0,0,0,0,0
CartTo01,Tory Carter,TE,TEN,0,0,0,0,0,0,0,0,0.0,0,0,0,0,0,0,0,0,0,0,0,0,0
KelcTr00,Travis Kelce,TE,KAN,0,0,0,0,0,0,0,0,0.0,2,3,1,4,134,92,1125,9,377,1,0,564,10
McKiTr00,Tre' McKitty,TE,LAC,0,0,0,0,0,0,0,0,0.0,0,0,0,0,8,6,45,0,31,0,0,34,0
WescTr00,Trevon Wesco,TE,NYJ,0,0,0,0,0,0,0,0,0.0,0,0,0,0,5,3,35,0,29,0,0,29,0
ConkTy00,Tyler Conklin,TE,MIN,0,0,0,0,0,0,0,0,0.0,0,0,0,0,87,61,593,3,297,0,0,327,3
DaviTy02,Tyler Davis,TE,GNB,0,0,0,0,0,0,0,0,0.0,0,0,0,0,5,4,35,0,35,0,0,13,1
HigbTy00,Tyler Higbee,TE,LAR,0,0,0,0,0,0,0,0,0.0,0,0,0,0,85,61,560,5,234,0,0,281,3
KrofTy00,Tyler Kroft,TE,NYJ,0,0,0,0,0,0,0,0,0.0,0,0,0,0,25,16,173,1,116,0,0,74,4
MabrTy00,Tyler Mabry,TE,SEA,0,0,0,0,0,0,0,0,0.0,0,0,0,0,0,0,0,0,0,0,0,0,0
JackTy01,Tyree Jackson,TE,PHI,0,0,0,0,0,0,0,0,0.0,0,0,0,0,7,3,22,1,13,0,0,7,0
DissWi00,Will Dissly,TE,SEA,0,0,0,0,0,0,0,0,0.0,0,0,0,0,26,21,231,1,190,0,0,143,3
ErtzZa00,Zach Ertz,TE,PHI,0,0,0,0,0,0,0,0,0.0,1,4,0,4,112,74,763,5,316,0,0,340,6
GentZa00,Zach Gentry,TE,PIT,0,0,0,0,0,0,0,0,0.0,0,0,0,0,25,19,167,0,114,0,0,127,0
BrowAJ00,A.J. Brown,WR,TEN,0,2,0,0,0,0,0,0,6.092307692307693,2,10,0,7,105,63,869,5,315,0,4,248,8
GreeA.00,A.J. Green,WR,ARI,0,0,0,0,0,0,0,0,0.0,0,0,0,0,92,54,848,3,434,0,0,181,5
FullAa01,Aaron Fuller,WR,SEA,0,0,0,0,0,0,0,0,0.0,0,0,0,0,0,0,0,0,0,0,0,0,0
HumpAd00,Adam Humphries,WR,WAS,0,0,0,0,0,0,0,0,0.0,0,0,0,0,62,41,383,0,193,0,0,150,3
ThieAd00,Adam Thielen,WR,MIN,0,0,0,0,0,0,0,0,0.0,1,2,0,2,95,67,726,10,274,0,2,239,1
WilsAl02,Albert Wilson,WR,MIA,0,1,0,0,0,1,1,0,2.8285714285714287,4,17,0,14,39,25,213,0,141,0,20,143,4
BachAl00,Alex Bachman,WR,NYG,0,0,0,0,0,0,0,0,0.0,1,-3,0,0,0,0,0,0,0,0,0,0,0
EricAl01,Alex Erickson,WR,CAR,0,0,0,0,0,0,0,0,0.0,0,0,0,0,4,3,55,0,55,0,0,30,0
LazaAl00,Allen Lazard ,WR,GNB,0,0,0,0,0,0,0,0,0.0,3,32,0,14,60,40,513,8,288,0,3,168,1
RobiAl02,Allen Robinson,WR,CHI,0,0,0,0,0,0,0,0,0.0,0,0,0,0,66,38,410,1,198,0,0,101,2
CoopAm00,Amari Cooper,WR,DAL,0,0,0,0,0,0,0,0,0.0,0,0,0,0,104,68,865,8,342,0,0,235,3
RodgAm00,Amari Rodgers,WR,GNB,0,0,0,0,0,0,0,0,0.0,1,11,0,11,8,4,45,0,45,0,5,24,1
StxxAm00,Amon-Ra St. Brown,WR,DET,0,0,0,0,0,0,0,0,0.0,7,61,1,26,119,90,912,5,318,0,34,424,1
RobeAn00,Andre Roberts,WR,HOU,0,0,0,0,0,0,0,0,0.0,3,19,0,9,2,1,35,0,35,1,3,16,0
IsabAn00,Andy Isabella,WR,ARI,0,0,0,0,0,0,0,0,0.0,0,0,0,0,1,1,13,0,13,0,0,7,0
MillAn02,Anthony Miller,WR,HOU,0,0,0,0,0,0,0,0,0.0,0,0,0,0,12,6,25,1,15,0,0,10,0
SchwAn00,Anthony Schwartz,WR,CLE,0,0,0,0,0,0,0,0,0.0,6,39,0,17,23,10,135,1,99,0,3,10,1
WeslAn01,Antoine Wesley,WR,ARI,0,0,0,0,0,0,0,0,0.0,0,0,0,0,32,19,208,3,119,0,0,61,1
BrowAn04,Antonio Brown,WR,TAM,0,0,0,0,0,0,0,0,0.0,1,6,0,6,62,42,545,4,223,0,1,190,2
GandAn00,Antonio Gandy-Golden,WR,WAS,0,0,0,0,0,0,0,0,0.0,0,0,0,0,0,0,0,0,0,0,0,0,0
DuliAs00,Ashton Dulin,WR,IND,0,0,0,0,0,0,0,0,0.0,3,32,0,37,22,13,173,2,171,0,5,50,2
TateAu00,Auden Tate,WR,CIN,0,0,0,0,0,0,0,0,0.0,0,0,0,0,4,3,39,1,39,0,0,21,0
SkowBe00,Ben Skowronek,WR,LAR,0,0,0,0,0,0,0,0,0.0,0,0,0,0,20,11,133,0,92,0,0,53,3
CookBr00,Brandin Cooks,WR,HOU,0,0,0,0,0,0,0,0,0.0,2,21,0,16,134,90,1037,6,402,0,6,357,5
AiyuBr00,Brandon Aiyuk,WR,SFO,0,0,0,0,0,0,0,0,0.0,5,17,0,8,84,56,826,5,375,1,8,347,4
PoweBr00,Brandon Powell,WR,LAR,0,0,0,0,0,0,0,0,0.0,0,0,0,0,0,0,0,0,0,0,0,0,0
ZylsBr00,Brandon Zylstra,WR,CAR,0,1,0,0,0,0,0,0,3.0461538461538464,0,0,0,0,25,18,250,1,165,0,0,118,0
BerrBr00,Braxton Berrios,WR,NYJ,0,0,0,0,0,0,0,0,0.0,7,40,2,11,65,46,431,2,201,1,12,242,0
PerrBr02,Breshad Perriman,WR,TAM,0,0,0,0,0,0,0,0,0.0,1,-3,0,0,18,11,167,1,133,0,0,102,1
EdwaBr01,Bryan Edwards,WR,LVR,0,0,0,0,0,0,0,0,0.0,1,0,0,0,59,34,571,3,298,0,0,190,1
PrinBy00,Byron Pringle,WR,KAN,0,0,0,0,0,0,0,0,0.0,0,0,0,0,60,42,568,5,321,1,0,187,4
BoarC.00,C.J. Board,WR,NYG,0,0,0,0,0,0,0,0,0.0,1,6,0,6,6,4,51,0,49,0,2,13,0
SaunCJ00,C.J. Saunders,WR,CAR,0,0,0,0,0,0,0,0,0.0,0,0,0,0,2,2,11,0,8,0,0,0,0
RidlCa00,Calvin Ridley,WR,ATL,0,0,0,0,0,0,0,0,0.0,0,0,0,0,52,31,281,2,90,0,0,91,3
SimsCa00,Cam Sims,WR,WAS,0,0,0,0,0,0,0,0,0.0,1,7,0,7,23,15,211,2,145,0,2,42,1
BatsCa00,Cameron Batson,WR,TEN,0,0,0,0,0,0,0,0,0.0,2,15,0,11,5,2,15,1,15,0,4,1,0
WilsCe01,Cedrick Wilson Jr.,WR,DAL,3,3,88,0,0,0,0,35,22.25625,2,11,0,6,61,45,602,6,346,0,1,254,3
LambCe00,CeeDee Lamb,WR,DAL,0,0,0,0,0,0,0,0,0.0,9,76,0,33,120,79,1102,6,439,0,14,441,8
ClayCh01,Chase Claypool,WR,PIT,0,0,0,0,0,0,0,0,0.0,14,96,0,25,105,59,860,2,414,0,17,283,5
RogeCh02,Chester Rogers,WR,TEN,0,0,0,0,0,0,0,0,0.0,1,9,0,9,43,30,301,1,173,1,4,103,2
ConlCh00,Chris Conley,WR,HOU,0,0,0,0,0,0,0,0,0.0,1,3,0,3,37,22,323,2,203,1,3,126,2
GodwCh00,Chris Godwin,WR,TAM,0,0,0,0,0,0,0,0,0.0,4,21,1,9,127,98,1103,5,335,2,8,586,5
HogaCh00,Chris Hogan,WR,NOR,0,0,0,0,0,0,0,0,0.0,0,0,0,0,8,4,41,1,35,0,0,21,0
MoorCh00,Chris Moore,WR,HOU,0,0,0,0,0,0,0,0,0.0,0,0,0,0,22,21,227,2,147,0,0,150,0
BlakCh00,Christian Blake,WR,ATL,0,0,0,0,0,0,0,0,0.0,0,0,0,0,9,4,25,0,19,0,0,2,1
KirkCh01,Christian Kirk,WR,ARI,1,1,33,0,0,0,0,33,6.982352941176471,1,11,0,11,103,77,982,5,430,0,2,228,6
HollCo00,Cody Hollister,WR,TEN,0,0,0,0,0,0,0,0,0.0,0,0,0,0,7,4,33,0,25,0,0,17,0
ThomCo04,Cody Thompson,WR,SEA,0,0,0,0,0,0,0,0,0.0,0,0,0,0,0,0,0,0,0,0,0,0,0
WhitCo05,Cody White,WR,PIT,0,0,0,0,0,0,0,0,0.0,0,0,0,0,6,5,33,0,17,0,0,14,1
BeasCo00,Cole Beasley,WR,BUF,0,1,0,0,0,0,0,0,2.475,0,0,0,0,112,82,693,1,221,0,0,305,5
JohnCo01,Collin Johnson,WR,NYG,0,0,0,0,0,0,0,0,0.0,0,0,0,0,21,11,105,0,56,0,0,18,1
KuppCo00,Cooper Kupp,WR,LAR,0,1,0,0,0,0,0,0,2.3294117647058825,4,18,0,18,191,145,1947,16,635,0,5,846,8
DaviCo03,Corey Davis,WR,NYJ,0,0,0,0,0,0,0,0,0.0,0,0,0,0,59,34,492,4,200,1,0,124,5
SuttCo00,Courtland Sutton,WR,DEN,1,1,16,0,0,0,0,16,6.982352941176471,0,0,0,0,98,58,776,2,380,0,0,135,3
SamuCu00,Curtis Samuel,WR,WAS,0,0,0,0,0,0,0,0,0.0,4,11,0,8,9,6,27,0,18,0,4,40,0
GrayCy01,Cyril Grayson,WR,TAM,0,0,0,0,0,0,0,0,0.0,1,14,0,14,12,10,212,2,145,0,0,70,0
EskrDW00,D'Wayne Eskridge,WR,SEA,0,0,0,0,0,0,0,0,0.0,4,59,0,30,20,10,64,1,48,0,17,32,0
MontDJ01,D.J. Montgomery,WR,NYJ,0,0,0,0,0,0,0,0,0.0,0,0,0,0,6,3,36,0,14,0,0,15,0
MoorD.00,D.J. Moore,WR,CAR,0,0,0,0,0,0,0,0,0.0,8,48,0,14,163,93,1157,4,395,1,20,426,10
MetcDK00,D.K. Metcalf,WR,SEA,0,0,0,0,0,0,0,0,0.0,1,6,0,6,129,75,967,12,442,0,2,328,4
CharDJ00,DJ Chark,WR,JAX,0,0,0,0,0,0,0,0,0.0,0,0,0,0,22,7,154,2,85,0,0,24,1
ByrdDa00,Damiere Byrd,WR,CHI,0,0,0,0,0,0,0,0,0.0,0,0,0,0,38,26,329,1,180,1,0,116,2
ChisDa00,Dan Chisena,WR,MIN,0,0,0,0,0,0,0,0,0.0,0,0,0,0,0,0,0,0,0,0,0,0,0
AmenDa00,Danny Amendola,WR,HOU,0,1,0,0,0,0,0,0,4.95,0,0,0,0,38,24,248,3,117,0,0,105,1
PettDa00,Dante Pettis,WR,NYG,1,1,16,0,0,0,0,16,39.56666666666667,0,0,0,0,16,10,87,1,42,0,0,38,2
SlayDa01,Darius Slayton,WR,NYG,0,0,0,0,0,0,0,0,0.0,1,-13,0,0,58,26,339,2,190,1,0,65,6
MoonDa00,Darnell Mooney,WR,CHI,0,0,0,0,0,0,0,0,0.0,6,32,1,15,140,81,1055,4,432,0,3,381,9
FounDa00,Daurice Fountain,WR,KAN,0,0,0,0,0,0,0,0,0.0,0,0,0,0,0,0,0,0,0,0,0,0,0
AdamDa01,Davante Adams,WR,GNB,0,0,0,0,0,0,0,0,0.0,0,0,0,0,169,123,1553,11,514,0,0,592,3
MoorDa03,David Moore,WR,DEN,0,0,0,0,0,0,0,0,0.0,0,0,0,0,2,0,0,0,0,0,0,0,0
SillDa01,David Sills,WR,NYG,0,0,0,0,0,0,0,0,0.0,0,0,0,0,6,2,17,0,17,0,0,2,1
DaviDa03,Davion Davis,WR,HOU,0,0,0,0,0,0,0,0,0.0,0,0,0,0,3,1,17,0,17,0,0,13,0
MilnDa00,Dax Milne,WR,WAS,0,0,0,0,0,0,0,0,0.0,1,1,0,1,14,9,83,0,73,1,0,34,0
NewsDa00,Dazz Newsome,WR,CHI,0,0,0,0,0,0,0,0,0.0,0,0,0,0,5,2,23,0,23,0,0,15,0
HarrDe09,De'Michael Harris,WR,IND,0,0,0,0,0,0,0,0,0.0,0,0,0,0,0,0,0,0,0,0,0,0,0
CartDe02,DeAndre Carter,WR,WAS,0,0,0,0,0,0,0,0,0.0,10,89,0,27,44,24,296,3,158,0,9,78,2
HopkDe00,DeAndre Hopkins,WR,ARI,0,0,0,0,0,0,0,0,0.0,0,0,0,0,64,42,572,8,255,0,0,140,1
JackDe00,DeSean Jackson,WR,LAR,0,0,0,0,0,0,0,0,0.0,1,4,0,4,34,20,454,2,334,1,0,175,1
ParkDe01,DeVante Parker,WR,MIA,0,0,0,0,0,0,0,0,0.0,0,0,0,0,73,40,515,2,209,0,0,104,4
SmitDe07,DeVonta Smith,WR,PHI,0,0,0,0,0,0,0,0,0.0,0,0,0,0,104,64,916,5,416,1,0,220,2
WestDe00,Dede Westbrook,WR,MIN,0,0,0,0,0,0,0,0,0.0,0,0,0,0,15,10,68,0,50,0,0,17,0
SamuDe00,Deebo Samuel,WR,SFO,1,2,24,1,0,0,0,24,12.36875,59,365,8,49,121,77,1405,6,647,2,184,768,10
RobiDe01,Demarcus Robinson,WR,KAN,0,0,0,0,0,0,0,0,0.0,0,0,0,0,41,25,264,3,186,0,0,62,1
MimsDe00,Denzel Mims,WR,NYJ,0,0,0,0,0,0,0,0,0.0,0,0,0,0,23,8,133,0,114,0,0,49,2
HarrDe07,Deonte Harris,WR,NOR,0,0,0,0,0,0,0,0,0.0,5,41,0,22,59,36,570,3,357,1,6,241,3
DuveDe00,Devin Duvernay,WR,BAL,0,0,0,0,0,0,0,0,0.0,7,50,0,19,47,33,272,2,167,0,11,141,0
SmitDe04,Devin Smith,WR,JAX,0,0,0,0,0,0,0,0,0.0,0,0,0,0,1,0,0,0,0,0,0,0,0
FitzDe00,Dez Fitzpatrick,WR,TEN,0,0,0,0,0,0,0,0,0.0,0,0,0,0,8,5,49,1,32,0,0,3,0
PatmDe00,Dezmon Patmon,WR,IND,0,0,0,0,0,0,0,0,0.0,0,0,0,0,4,2,21,1,21,0,0,3,0
StonDi00,Dillon Stoner,WR,LVR,0,0,0,0,0,0,0,0,0.0,0,0,0,0,0,0,0,0,0,0,0,0,0
JohnDi01,Diontae Johnson,WR,PIT,0,0,0,0,0,0,0,0,0.0,5,53,0,25,169,107,1161,8,455,2,18,527,5
SpenDi00,Diontae Spencer,WR,DEN,0,0,0,0,0,0,0,0,0.0,0,0,0,0,4,1,-3,0,-3,0,0,0,0
PeopDo00,Donovan Peoples-Jones,WR,CLE,0,0,0,0,0,0,0,0,0.0,0,0,0,0,58,34,597,3,345,1,0,146,3
BrowDy00,Dyami Brown,WR,WAS,0,0,0,0,0,0,0,0,0.0,1,-4,0,0,25,12,165,0,131,0,0,34,1
WinsEa00,Easop Winston,WR,NOR,0,0,0,0,0,0,0,0,0.0,0,0,0,0,1,1,5,0,5,0,0,9,0
MoorEl00,Elijah Moore,WR,NYJ,0,0,0,0,0,0,0,0,0.0,5,54,1,19,77,43,538,5,239,0,10,207,1
SandEm00,Emmanuel Sanders,WR,BUF,0,0,0,0,0,0,0,0,0.0,2,31,0,24,72,42,626,4,299,0,4,85,3
St.BEq00,Equanimeous St. Brown,WR,GNB,0,0,0,0,0,0,0,0,0.0,3,14,0,13,17,9,98,0,72,0,13,58,1
DarbFr00,Frank Darby,WR,ATL,0,0,0,0,0,0,0,0,0.0,0,0,0,0,4,1,14,0,14,0,0,11,1
SwaiFr00,Freddie Swain,WR,SEA,0,0,0,0,0,0,0,0,0.0,5,32,0,11,40,25,343,4,284,0,6,206,2
DaviGa01,Gabriel Davis,WR,BUF,0,0,0,0,0,0,0,0,0.0,0,0,0,0,63,35,549,6,309,0,0,140,5
AlliGe01,Geronimo Allison,WR,DET,0,0,0,0,0,0,0,0,0.0,0,0,0,0,2,0,0,0,0,0,0,0,0
DortGr01,Greg Dortch,WR,ARI,0,0,0,0,0,0,0,0,0.0,1,24,0,24,3,3,15,0,14,0,1,31,0
WardGr02,Greg Ward,WR,PHI,1,2,2,0,0,0,0,2,7.425000000000001,0,0,0,0,11,7,95,3,78,0,0,16,2
OlszGu00,Gunner Olszewski,WR,NWE,0,0,0,0,0,0,0,0,0.0,1,9,0,9,3,2,31,0,31,0,3,14,0
RuggHe00,Henry Ruggs III,WR,LVR,0,0,0,0,0,0,0,0,0.0,3,16,0,7,36,24,469,2,259,0,1,109,2
RenfHu00,Hunter Renfrow,WR,LVR,0,0,0,0,0,0,0,0,0.0,3,3,0,5,128,103,1038,9,357,1,2,452,2
SmitIh00,Ihmir Smith-Marsette,WR,MIN,0,0,0,0,0,0,0,0,0.0,0,0,0,0,6,5,116,2,57,0,0,17,0
CoulIs00,Isaiah Coulter,WR,CHI,0,0,0,0,0,0,0,0,0.0,0,0,0,0,1,0,0,0,0,0,0,0,0
FordIs00,Isaiah Ford,WR,MIA,0,0,0,0,0,0,0,0,0.0,0,0,0,0,17,12,161,2,105,0,0,60,0
HodgIs00,Isaiah Hodgins,WR,BUF,0,0,0,0,0,0,0,0,0.0,0,0,0,0,0,0,0,0,0,0,0,0,0
McKeIs00,Isaiah McKenzie,WR,BUF,0,0,0,0,0,0,0,0,0.0,9,47,1,10,26,20,178,1,80,0,15,81,3
ArceJJ00,JJ Arcega-Whiteside,WR,PHI,0,0,0,0,0,0,0,0,0.0,0,0,0,0,5,2,36,0,36,0,0,29,3
BradJa01,Ja'Marcus Bradley,WR,CLE,0,0,0,0,0,0,0,0,0.0,0,0,0,0,4,4,64,0,47,0,0,16,0
ChasJa00,Ja'Marr Chase,WR,CIN,0,0,0,0,0,0,0,0,0.0,7,21,0,10,128,81,1455,13,611,1,6,651,11
DardJa00,Jaelon Darden,WR,TAM,0,0,0,0,0,0,0,0,0.0,1,11,0,11,12,6,43,0,40,0,1,24,0
KumeJa00,Jake Kumerow,WR,BUF,0,0,0,0,0,0,0,0,0.0,0,0,0,0,6,2,28,0,28,0,0,7,1
GranJa00,Jakeem Grant,WR,MIA,0,0,0,0,0,0,0,0,0.0,5,33,0,13,17,11,132,2,92,2,14,103,2
MeyeJa01,Jakobi Meyers,WR,NWE,2,2,45,0,0,0,0,30,6.982352941176471,1,9,0,9,126,83,866,2,344,1,1,222,3
CampJa03,Jalen Camp,WR,HOU,0,0,0,0,0,0,0,0,0.0,0,0,0,0,0,0,0,0,0,0,0,0,0
GuytJa01,Jalen Guyton,WR,LAC,0,0,0,0,0,0,0,0,0.0,7,34,0,21,48,31,448,3,277,0,20,149,4
ReagJa00,Jalen Reagor,WR,PHI,0,0,0,0,0,0,0,0,0.0,10,32,0,12,57,33,299,2,184,0,9,151,4
AgneJa00,Jamal Agnew,WR,JAX,0,0,0,0,0,0,0,0,0.0,7,111,1,66,39,24,229,1,104,0,8,121,1
ProcJa00,James Proche,WR,BAL,0,0,0,0,0,0,0,0,0.0,0,0,0,0,20,16,202,0,97,0,0,55,0
WashJa00,James Washington,WR,PIT,0,0,0,0,0,0,0,0,0.0,2,13,0,12,44,24,285,2,170,0,3,79,2
CrowJa00,Jamison Crowder,WR,NYJ,0,0,0,0,0,1,3,0,0.0,0,0,0,0,71,51,447,2,190,1,0,176,2
LandJa00,Jarvis Landry,WR,CLE,0,0,0,0,0,1,1,0,0.0,6,40,2,16,87,52,570,2,230,2,11,273,2
MoorJa02,Jason Moore,WR,LAC,0,0,0,0,0,0,0,0,0.0,0,0,0,0,4,3,56,0,24,0,0,26,0
JennJa00,Jauan Jennings,WR,SFO,0,0,0,0,0,0,0,0,0.0,0,0,0,0,38,24,282,5,159,0,0,103,5
MickJa01,Jaydon Mickens,WR,TAM,0,0,0,0,0,0,0,0,0.0,0,0,0,0,3,2,10,0,12,0,0,3,0
WaddJa00,Jaylen Waddle,WR,MIA,0,0,0,0,0,0,0,0,0.0,2,3,1,2,140,104,1015,6,370,1,1,439,8
CottJe00,Jeff Cotton,WR,JAX,0,0,0,0,0,0,0,0,0.0,0,0,0,0,0,0,0,0,0,0,0,0,0
SmitJe03,Jeff Smith,WR,NYJ,0,0,0,0,0,0,0,0,0.0,1,-1,0,0,17,8,113,0,87,0,0,15,1
JeudJe00,Jerry Jeudy,WR,DEN,0,0,0,0,0,0,0,0,0.0,2,3,0,3,56,38,467,0,216,0,3,187,1
FortJo01,Joe Fortson,WR,KAN,0,0,0,0,0,0,0,0,0.0,0,0,0,0,0,0,0,0,0,0,0,0,0
BrowJo02,John Brown,WR,DEN,0,0,0,0,0,0,0,0,0.0,0,0,0,0,3,0,0,0,0,0,0,0,0
HighJo00,John Hightower,WR,PHI,0,0,0,0,0,0,0,0,0.0,0,0,0,0,0,0,0,0,0,0,0,0,0
RossJo00,John Ross,WR,NYG,0,0,0,0,0,0,0,0,0.0,1,16,0,16,20,11,224,1,155,0,3,39,1
NatsJo00,Jojo Natson,WR,CLE,0,0,0,0,0,0,0,0,0.0,0,0,0,0,0,0,0,0,0,0,0,0,0
VeasJo00,Jordan Veasy,WR,HOU,0,0,0,0,0,0,0,0,0.0,0,0,0,0,0,0,0,0,0,0,0,0,0
GordJo02,Josh Gordon,WR,KAN,0,0,0,0,0,0,0,0,0.0,0,0,0,0,14,5,32,1,31,0,0,5,2
HammJo00,Josh Hammond,WR,JAX,0,0,0,0,0,0,0,0,0.0,0,0,0,0,0,0,0,0,0,0,0,0,0
PalmJo00,Josh Palmer,WR,LAC,0,0,0,0,0,0,0,0,0.0,1,6,0,6,49,33,353,4,229,0,0,94,1
ReynJo00,Josh Reynolds,WR,TEN,0,0,0,0,0,0,0,0,0.0,0,0,0,0,49,29,396,2,174,0,0,119,1
SmitJu00,JuJu Smith-Schuster,WR,PIT,0,0,0,0,0,0,0,0,0.0,3,9,1,3,28,15,129,0,66,0,4,68,0
JoneJu02,Julio Jones,WR,TEN,0,0,0,0,0,0,0,0,0.0,0,0,0,0,48,31,434,1,209,0,0,112,1
JeffJu00,Justin Jefferson,WR,MIN,2,4,35,0,0,0,0,24,18.258823529411767,6,14,0,11,167,108,1616,10,534,1,9,482,7
JohnJu02,Juwan Johnson,WR,NOR,0,0,0,0,0,0,0,0,0.0,0,0,0,0,3,3,21,2,12,0,0,17,0
WinfJu00,Juwann Winfree,WR,GNB,0,0,0,0,0,0,0,0,0.0,0,0,0,0,13,8,58,0,36,1,0,31,1
HillKJ00,K.J. Hill,WR,LAC,0,0,0,0,0,0,0,0,0.0,0,0,0,0,3,3,30,0,19,0,0,12,0
OsboKJ00,K.J. Osborn,WR,MIN,0,0,0,0,0,0,0,0,0.0,1,10,0,10,82,50,655,7,382,0,2,179,2
HamlKJ00,KJ Hamler,WR,DEN,0,0,0,0,0,0,0,0,0.0,0,0,0,0,10,5,74,0,55,0,0,16,1
ToneKa00,Kadarius Toney,WR,NYG,1,3,19,0,0,1,6,19,19.79,3,6,0,7,57,39,420,0,125,0,1,228,2
RaymKa00,Kalif Raymond,WR,DET,0,0,0,0,0,0,0,0,0.0,4,28,0,13,71,48,576,4,287,0,7,262,3
ColeKe00,Keelan Cole,WR,NYJ,0,1,0,0,0,0,0,0,2.64,0,0,0,0,51,28,449,1,282,0,0,85,1
AlleKe00,Keenan Allen,WR,LAC,0,1,0,0,0,0,0,0,2.475,0,0,0,0,157,106,1138,6,364,0,0,337,8
KirkKe00,Keith Kirkwood,WR,CAR,0,0,0,0,0,0,0,0,0.0,0,0,0,0,7,3,17,0,7,0,0,17,1
CoutKe00,Keke Coutee,WR,IND,0,0,0,0,0,0,0,0,0.0,0,0,0,0,1,1,5,0,5,0,0,0,0
HintKe00,Kendall Hinton,WR,DEN,1,1,1,0,0,0,0,1,4.95,0,0,0,0,23,15,175,1,136,0,0,57,1
BourKe00,Kendrick Bourne,WR,NWE,1,1,25,1,0,0,0,25,9.311764705882354,12,125,0,18,70,55,800,5,451,1,39,385,2
GollKe00,Kenny Golladay,WR,NYG,0,0,0,0,0,0,0,0,0.0,0,0,0,0,76,37,521,0,210,0,0,119,1
StilKe00,Kenny Stills,WR,NOR,0,0,0,0,0,0,0,0,0.0,1,1,0,1,23,6,68,1,54,0,0,10,1
WhitKe00,Kevin White,WR,NOR,0,0,0,0,0,0,0,0,0.0,0,0,0,0,5,1,38,0,38,0,0,9,1
HodgKh00,KhaDarel Hodge,WR,DET,0,0,0,0,0,0,0,0,0.0,0,0,0,0,27,13,157,0,121,0,0,37,2
MerrKi00,Kirk Merritt,WR,MIA,0,0,0,0,0,0,0,0,0.0,0,0,0,0,3,1,13,0,13,0,0,6,1
WilkKr00,Kristian Wilkerson,WR,NWE,0,0,0,0,0,0,0,0,0.0,0,0,0,0,8,4,42,2,20,0,0,5,1
AkerLa00,Landen Akers,WR,LAR,0,0,0,0,0,0,0,0,0.0,0,0,0,0,0,0,0,0,0,0,0,0,0
TreaLa00,Laquon Treadwell,WR,JAX,0,0,0,0,0,0,0,0,0.0,0,0,0,0,51,33,434,1,213,0,0,126,3
ShenLa00,Laviska Shenault Jr.,WR,JAX,0,0,0,0,0,0,0,0,0.0,11,41,0,11,100,63,619,0,294,1,17,389,8
CageLa01,Lawrence Cager,WR,CLE,0,0,0,0,0,0,0,0,0.0,0,0,0,0,0,0,0,0,0,0,0,0,0
HumpLi01,Lil'Jordan Humphrey,WR,NOR,0,0,0,0,0,0,0,0,0.0,0,0,0,0,18,13,249,2,180,0,0,101,0
HollMa00,Mack Hollins,WR,MIA,0,0,0,0,0,0,0,0,0.0,0,0,0,0,28,14,223,4,159,0,0,37,1
TaylMa01,Malik Taylor,WR,GNB,0,0,0,0,0,0,0,0,0.0,0,0,0,0,3,2,14,0,7,0,0,8,0
TurnMa00,Malik Turner,WR,DAL,0,0,0,0,0,0,0,0,0.0,0,0,0,0,16,12,149,3,106,0,0,74,1
JohnMa07,Marcus Johnson,WR,TEN,0,0,0,0,0,0,0,0,0.0,2,-2,0,5,19,9,160,0,80,0,4,95,0
KempMa00,Marcus Kemp,WR,KAN,0,0,0,0,0,0,0,0,0.0,0,0,0,0,5,2,24,0,24,0,0,8,1
CallMa01,Marquez Callaway,WR,NOR,0,0,0,0,0,0,0,0,0.0,0,0,0,0,84,46,698,6,374,0,0,144,4
StevMa00,Marquez Stevenson,WR,BUF,0,0,0,0,0,0,0,0,0.0,0,0,0,0,0,0,0,0,0,0,0,0,0
ValdMa00,Marquez Valdes-Scantling,WR,GNB,0,0,0,0,0,0,0,0,0.0,0,0,0,0,55,26,430,3,259,0,0,146,0
BrowMa04,Marquise Brown,WR,BAL,0,0,0,0,0,0,0,0,0.0,1,5,0,5,146,91,1008,6,383,1,3,388,7
GoodMa00,Marquise Goodwin,WR,CHI,0,0,0,0,0,0,0,0,0.0,2,-1,0,1,40,20,313,1,205,0,1,83,2
HallMa02,Marvin Hall,WR,ATL,0,0,0,0,0,0,0,0,0.0,0,0,0,0,1,1,10,0,10,0,0,5,0
JoneMa02,Marvin Jones,WR,JAX,0,0,0,0,0,0,0,0,0.0,0,0,0,0,120,73,832,4,344,0,0,132,2
KinsMa00,Mason Kinsey,WR,TEN,0,0,0,0,0,0,0,0,0.0,0,0,0,0,0,0,0,0,0,0,0,0,0
SlatMa00,Matthew Slater,WR,NWE,0,0,0,0,0,0,0,0,0.0,0,0,0,0,0,0,0,0,0,0,0,0,0
FfreMa00,Maurice Ffrench,WR,LAC,0,0,0,0,0,0,0,0,0.0,1,3,0,3,0,0,0,0,0,0,0,0,0
HardMe00,Mecole Hardman,WR,KAN,0,0,0,0,0,0,0,0,0.0,8,46,0,24,83,59,693,2,381,2,7,502,2
BandMi00,Michael Bandy,WR,LAC,0,0,0,0,0,0,0,0,0.0,0,0,0,0,0,0,0,0,0,0,0,0,0
GallMi00,Michael Gallup,WR,DAL,0,0,0,0,0,0,0,0,0.0,0,0,0,0,62,35,445,2,213,0,0,123,3
PittMi01,Michael Pittman Jr.,WR,IND,0,0,0,0,0,0,0,0,0.0,5,44,0,25,129,88,1082,6,413,0,5,348,6
EvanMi00,Mike Evans,WR,TAM,0,0,0,0,0,0,0,0,0.0,1,10,0,10,114,74,1035,14,439,0,2,259,2
StraMi03,Mike Strachan,WR,IND,0,0,0,0,0,0,0,0,0.0,0,0,0,0,3,2,26,0,16,0,0,0,0
ThomMi04,Mike Thomas,WR,CIN,0,0,0,0,0,0,0,0,0.0,0,0,0,0,11,5,52,0,52,0,0,13,0
WillMi07,Mike Williams,WR,LAC,0,0,0,0,0,0,0,0,0.0,0,0,0,0,129,76,1146,9,530,0,0,415,6
BoykMi00,Miles Boykin,WR,BAL,0,0,0,0,0,0,0,0,0.0,0,0,0,0,1,1,6,0,6,0,0,0,0
SanuMo00,Mohamed Sanu,WR,SFO,0,0,0,0,0,0,0,0,0.0,0,0,0,0,24,15,177,0,90,0,0,44,1
MitcMy00,Myron Mitchell,WR,MIN,0,0,0,0,0,0,0,0,0.0,0,0,0,0,0,0,0,0,0,0,0,0,0
HarrNK00,N'Keal Harry,WR,NWE,0,0,0,0,0,0,0,0,0.0,0,0,0,0,22,12,184,0,150,0,0,25,1
AghoNe00,Nelson Agholor,WR,NWE,0,0,0,0,0,0,0,0,0.0,3,11,0,6,64,37,473,3,268,0,5,118,1
WestNi00,Nick Westbrook-Ikhine,WR,TEN,0,0,0,0,0,0,0,0,0.0,0,0,0,0,57,38,476,4,258,1,0,144,2
CollNi00,Nico Collins,WR,HOU,0,0,0,0,0,0,0,0,0.0,0,0,0,0,60,33,446,1,245,0,0,133,1
BrowNo00,Noah Brown,WR,DAL,0,0,0,0,0,0,0,0,0.0,0,0,0,0,25,16,184,0,107,0,0,68,1
WebsNs00,Nsimba Webster,WR,CHI,0,0,0,0,0,0,0,0,0.0,0,0,0,0,0,0,0,0,0,0,0,0,0
BeckOd00,Odell Beckham Jr.,WR,CLE,0,0,0,0,0,0,0,0,0.0,2,14,0,10,82,44,537,5,298,0,2,151,2
ZaccOl01,Olamide Zaccheaus,WR,ATL,0,0,0,0,0,0,0,0,0.0,1,2,0,2,53,31,406,3,289,0,2,94,2
CampPa00,Parris Campbell,WR,IND,0,0,0,0,0,0,0,0,0.0,0,0,0,0,20,10,162,1,115,0,0,17,0
HartPe01,Penny Hart,WR,SEA,0,0,0,0,0,0,0,0,0.0,0,0,0,0,12,7,59,0,54,0,0,41,1
CoopPh00,Pharoh Cooper,WR,NYG,0,0,0,0,0,0,0,0,0.0,1,3,0,3,11,4,33,0,27,0,0,7,0
DorsPh00,Phillip Dorsett,WR,JAX,0,0,0,0,0,0,0,0,0.0,1,0,0,0,14,7,110,0,81,0,0,27,0
WillPr01,Preston Williams,WR,MIA,0,0,0,0,0,0,0,0,0.0,1,7,0,7,16,6,71,0,45,0,4,38,3
WatkQu00,Quez Watkins,WR,PHI,0,0,0,0,0,0,0,0,0.0,1,3,0,3,62,43,647,1,447,0,0,253,1
CephQu00,Quintez Cephus,WR,DET,0,0,0,0,0,0,0,0,0.0,0,0,0,0,22,15,204,2,115,0,0,95,0
McMaRa00,Racey McMath,WR,TEN,0,0,0,0,0,0,0,0,0.0,0,0,0,0,6,2,8,0,8,1,0,9,0
CobbRa00,Randall Cobb,WR,GNB,0,0,0,0,0,0,0,0,0.0,1,1,0,1,39,28,375,5,220,1,1,138,2
HiggRa00,Rashard Higgins,WR,CLE,0,0,0,0,0,0,0,0,0.0,0,0,0,0,47,24,275,1,136,0,0,47,3
BateRa00,Rashod Bateman,WR,BAL,0,0,0,0,0,0,0,0,0.0,0,0,0,0,68,46,515,1,205,0,0,171,2
McClRa00,Ray-Ray McCloud,WR,PIT,0,0,0,0,0,0,0,0,0.0,2,15,0,10,66,39,277,0,139,1,5,110,6
AndeRo04,Robby Anderson,WR,CAR,0,0,0,0,0,0,0,0,0.0,3,36,0,30,110,53,519,5,258,0,34,158,7
WoodRo02,Robert Woods,WR,LAR,0,0,0,0,0,0,0,0,0.0,8,46,1,16,69,45,556,4,186,0,15,198,3
AdamRo01,Rodney Adams,WR,CHI,0,0,0,0,0,0,0,0,0.0,0,0,0,0,1,0,0,0,0,0,0,0,1
MoorRo02,Rondale Moore,WR,ARI,0,0,0,0,0,0,0,0,0.0,18,76,0,26,64,54,435,1,245,1,52,438,1
GageRu00,Russell Gage,WR,ATL,0,0,0,0,0,0,0,0,0.0,0,0,0,0,94,66,770,4,252,2,0,254,5
WatkSa00,Sammy Watkins,WR,BAL,0,0,0,0,0,0,0,0,0.0,0,0,0,0,49,27,394,1,211,1,0,94,6
MillSc01,Scott Miller,WR,TAM,0,0,0,0,0,0,0,0,0.0,2,43,1,33,9,5,38,0,30,0,0,9,0
WillSe00,Seth Williams,WR,DEN,0,0,0,0,0,0,0,0,0.0,0,0,0,0,1,1,34,0,34,0,0,4,0
SmitSh03,Shi Smith,WR,CAR,0,0,0,0,0,0,0,0,0.0,1,-3,0,0,11,6,104,0,77,0,0,71,0
FehoSi00,Simi Fehoko,WR,DAL,0,0,0,0,0,0,0,0,0.0,0,0,0,0,0,0,0,0,0,0,0,0,0
MorgSt02,Stanley Morgan Jr.,WR,CIN,0,0,0,0,0,0,0,0,0.0,1,3,0,3,4,2,11,0,11,0,0,20,0
DiggSt00,Stefon Diggs,WR,BUF,0,0,0,0,0,1,2,0,0.0,0,0,0,0,164,103,1225,10,439,0,0,326,5
ShepSt00,Sterling Shepard,WR,NYG,0,0,0,0,0,0,0,0,0.0,1,-9,0,0,53,36,366,1,135,0,0,111,4
SimsSt00,Steven Sims,WR,PIT,0,0,0,0,0,0,0,0,0.0,0,0,0,0,0,0,0,0,0,0,0,0,0
HiltT.00,T.Y. Hilton,WR,IND,0,0,0,0,0,0,0,0,0.0,0,0,0,0,37,23,331,3,245,0,0,71,1
SharTa00,Tajae Sharpe,WR,ATL,0,0,0,0,0,0,0,0,0.0,0,0,0,0,37,25,230,0,121,0,0,69,1
BlacTa00,Tarik Black,WR,NYJ,0,0,0,0,0,0,0,0,0.0,0,0,0,0,2,1,10,0,10,0,0,0,1
AustTa00,Tavon Austin,WR,JAX,0,0,0,0,0,0,0,0,0.0,3,21,0,8,37,24,213,1,123,1,1,59,2
HiggTe00,Tee Higgins,WR,CIN,0,0,0,0,0,0,0,0,0.0,0,0,0,0,110,74,1091,6,365,1,0,290,5
MarsTe00,Terrace Marshall Jr.,WR,CAR,0,0,0,0,0,0,0,0,0.0,0,0,0,0,30,17,138,0,78,0,0,61,0
McLaTe00,Terry McLaurin,WR,WAS,0,0,0,0,0,0,0,0,0.0,1,12,0,12,130,77,1053,5,419,0,5,317,5
PatrTi00,Tim Patrick,WR,DEN,0,0,0,0,0,0,0,0,0.0,0,0,0,0,85,53,734,5,327,0,0,202,3
KennTo01,Tom Kennedy,WR,DET,1,1,75,1,0,0,0,75,13.191666666666668,0,0,0,0,10,6,54,0,41,0,0,17,1
LewiTo00,Tommylee Lewis,WR,MIA,0,0,0,0,0,0,0,0,0.0,0,0,0,0,2,1,7,0,7,0,0,11,0
BenjTr00,Travis Benjamin,WR,SFO,0,0,0,0,0,0,0,0,0.0,0,0,0,0,5,0,0,0,0,0,0,0,0
FulgTr00,Travis Fulgham,WR,DEN,0,0,0,0,0,0,0,0,0.0,0,0,0,0,0,0,0,0,0,0,0,0,0
SmitTr03,Tre'Quan Smith,WR,NOR,0,0,0,0,0,0,0,0,0.0,0,0,0,0,50,32,377,3,177,0,0,113,2
SherTr00,Trent Sherfield,WR,SFO,0,0,0,0,0,0,0,0,0.0,0,0,0,0,20,9,87,1,75,0,0,23,1
TaylTr02,Trent Taylor,WR,CIN,0,0,0,0,0,0,0,0,0.0,0,0,0,0,3,2,41,0,26,0,0,7,0
IrwiTr00,Trenton Irwin,WR,CIN,0,0,0,0,0,0,0,0,0.0,0,0,0,0,5,2,34,0,34,0,0,28,0
BensTr00,Trinity Benson,WR,DET,0,0,0,0,0,0,0,0,0.0,0,0,0,0,22,10,103,0,72,0,0,51,3
AtweTu00,Tutu Atwell,WR,LAR,0,0,0,0,0,0,0,0,0.0,0,0,0,0,0,0,0,0,0,0,0,0,0
MontTy01,Ty Montgomery,WR,NOR,0,0,0,0,0,0,0,0,0.0,15,44,0,9,25,15,90,0,55,0,25,82,2
WallTy00,Tylan Wallace,WR,BAL,0,0,0,0,0,0,0,0,0.0,0,0,0,0,6,2,23,0,23,0,0,14,0
BoydTy00,Tyler Boyd,WR,CIN,1,1,46,0,0,0,0,46,7.41875,2,22,0,14,94,67,828,5,388,0,13,389,0
JohnTy00,Tyler Johnson,WR,TAM,0,0,0,0,0,0,0,0,0.0,0,0,0,0,55,36,360,0,188,0,0,137,4
LockTy00,Tyler Lockett,WR,SEA,0,0,0,0,0,0,0,0,0.0,2,9,0,7,107,73,1175,8,523,0,0,277,0
HillTy00,Tyreek Hill,WR,KAN,0,0,0,0,0,0,0,0,0.0,9,96,0,33,159,111,1239,9,400,1,11,444,7
WillTy00,Tyrell Williams,WR,DET,0,0,0,0,0,0,0,0,0.0,0,0,0,0,3,2,14,0,7,0,0,8,0
ClevTy00,Tyrie Cleveland,WR,DEN,0,0,0,0,0,0,0,0,0.0,0,0,0,0,1,0,0,0,0,0,0,0,0
JohnTy03,Tyron Johnson,WR,JAX,0,0,0,0,0,0,0,0,0.0,0,0,0,0,5,2,16,0,16,0,0,9,0
JeffVa00,Van Jefferson,WR,LAR,0,0,0,0,0,0,0,0,0.0,2,20,0,10,89,50,802,6,534,0,13,216,6
SmitVy00,Vyncint Smith,WR,NYJ,0,0,0,0,0,0,0,0,0.0,0,0,0,0,1,0,0,0,0,0,0,0,0
FullWi01,Will Fuller,WR,MIA,0,0,0,0,0,0,0,0,0.0,0,0,0,0,8,4,26,0,16,0,0,10,0
SneaWi00,Willie Snead,WR,LVR,0,0,0,0,0,0,0,0,0.0,0,0,0,0,8,4,38,0,38,0,0,12,1
PascZa00,Zach Pascal,WR,IND,0,0,0,0,0,0,0,0,0.0,2,21,0,12,69,38,384,3,244,1,5,121,4
JoneZa00,Zay Jones,WR,LVR,0,0,0,0,0,0,0,0,0.0,2,3,0,4,70,47,546,1,303,1,0,170,2
DillAJ00,AJ Dillon ,RB,GNB,0,0,0,0,0,0,0,0,0.0,187,803,5,36,37,34,313,2,190,1,407,310,0
JoneAa00,Aaron Jones,RB,GNB,0,0,0,0,0,0,0,0,0.0,171,799,4,57,65,52,391,6,181,1,390,412,3
PeteAd01,Adrian Peterson,RB,TEN,0,0,0,0,0,0,0,0,0.0,38,98,2,16,4,4,8,0,9,0,59,14,0
ArmaAl00,Alex Armah,RB,NOR,0,0,0,0,0,0,0,0,0.0,5,21,0,9,1,1,1,1,1,0,12,1,0
CollAl00,Alex Collins,RB,SEA,0,0,0,0,0,0,0,0,0.0,108,411,2,25,10,9,87,0,76,1,173,96,0
MattAl01,Alexander Mattison,RB,MIN,0,0,0,0,0,0,0,0,0.0,134,491,3,48,39,32,228,1,129,1,265,238,1
KamaAl00,Alvin Kamara,RB,NOR,0,0,0,0,0,0,0,0,0.0,240,897,4,30,67,47,439,5,172,0,349,432,9
AbduAm00,Ameer Abdullah,RB,MIN,0,0,0,0,0,0,0,0,0.0,51,166,0,15,53,38,289,1,140,0,80,294,2
McFaAn00,Anthony McFarland Jr.,RB,PIT,0,0,0,0,0,0,0,0,0.0,3,3,0,3,1,1,11,0,11,0,1,11,0
GibsAn00,Antonio Gibson ,RB,WAS,0,0,0,0,0,0,0,0,0.0,258,1037,7,27,52,42,294,3,210,4,503,333,6
PierAr00,Artavis Pierce,RB,CHI,0,0,0,0,0,0,0,0,0.0,0,0,0,0,0,0,0,0,0,0,0,0,0
EkelAu00,Austin Ekeler,RB,LAC,0,0,0,0,0,0,0,0,0.0,206,907,12,28,94,70,647,8,258,3,434,628,7
WaltAu00,Austin Walter,RB,NYJ,0,0,0,0,0,0,0,0,0.0,26,101,1,14,3,2,9,0,11,0,33,13,0
SnelBe00,Benny Snell Jr.,RB,PIT,0,0,0,0,0,0,0,0,0.0,36,98,0,9,4,2,13,0,13,0,42,20,2
ScotBo02,Boston Scott,RB,PHI,0,0,0,0,0,0,0,0,0.0,87,373,7,23,16,13,83,0,59,1,164,96,0
BoldBr00,Brandon Bolden,RB,NWE,0,0,0,0,0,0,0,0,0.0,44,226,1,24,49,41,405,2,209,0,121,416,2
HoweGr00,Buddy Howell,RB,LAR,0,0,0,0,0,0,0,0,0.0,5,11,0,4,0,0,0,0,0,0,2,0,0
AkerCa00,Cam Akers,RB,LAR,0,0,0,0,0,0,0,0,0.0,5,3,0,2,3,3,10,0,6,0,5,4,0
HydeCa00,Carlos Hyde,RB,JAX,0,0,0,0,0,0,0,0,0.0,72,253,1,18,21,12,65,0,29,2,115,75,1
EdmoCh00,Chase Edmonds,RB,ARI,0,0,0,0,0,0,0,0,0.0,116,592,2,54,53,43,311,0,149,1,178,324,3
CarsCh00,Chris Carson,RB,SEA,0,0,0,0,0,0,0,0,0.0,54,232,3,33,6,6,29,0,22,1,128,42,0
EvanCh02,Chris Evans,RB,CIN,0,0,0,0,0,0,0,0,0.0,17,77,0,13,17,15,151,2,95,0,26,113,0
McCaCh01,Christian McCaffrey,RB,CAR,0,0,0,0,0,0,0,0,0.0,99,442,1,18,41,37,343,1,125,0,224,258,0
HubbCh01,Chuba Hubbard,RB,CAR,0,0,0,0,0,0,0,0,0.0,172,612,5,26,37,25,174,1,117,1,325,160,7
EdwaCl00,Clyde Edwards-Helaire,RB,KAN,0,0,0,0,0,0,0,0,0.0,119,517,4,17,23,19,129,2,109,2,208,169,1
PattCo00,Cordarrelle Patterson,RB,ATL,0,1,0,0,0,0,0,0,2.475,153,618,6,39,69,52,548,5,270,0,293,385,1
ClemCo00,Corey Clement,RB,DAL,0,0,0,0,0,0,0,0,0.0,33,140,0,38,7,6,29,1,15,0,75,17,1
ReynCr00,Craig Reynolds,RB,DET,0,0,0,0,0,0,0,0,0.0,55,230,0,35,8,7,52,0,42,0,137,56,0
SwifDA00,D'Andre Swift,RB,DET,0,1,0,0,0,0,0,0,3.0461538461538464,151,617,5,57,78,62,452,2,221,1,232,500,6
JohnDE04,D'Ernest Johnson,RB,CLE,0,0,0,0,0,0,0,0,0.0,100,534,3,30,25,19,137,0,82,0,235,138,3
ForeDO00,D'Onta Foreman,RB,TEN,0,0,0,0,0,0,0,0,0.0,133,566,3,35,11,9,123,0,101,1,299,121,1
CookDa01,Dalvin Cook,RB,MIN,0,0,0,0,0,0,0,0,0.0,249,1159,6,66,49,34,224,0,125,2,481,278,6
CrocDa01,Damarea Crockett,RB,DEN,0,0,0,0,0,0,0,0,0.0,3,7,0,6,0,0,0,0,0,0,0,0,0
HarrDa06,Damien Harris,RB,NWE,0,0,0,0,0,0,0,0,0.0,202,929,15,64,21,18,132,0,94,2,460,134,0
WillDa05,Damien Williams,RB,CHI,0,0,0,0,0,0,0,0,0.0,40,164,2,23,23,16,103,1,72,0,43,109,0
OgunDa00,Dare Ogunbowale,RB,JAX,0,0,0,0,0,0,0,0,0.0,43,137,1,12,21,13,114,1,88,0,66,100,3
BradDa00,Darius Bradwell,RB,LAC,0,0,0,0,0,0,0,0,0.0,0,0,0,0,1,0,0,0,0,0,0,0,1
WillDa10,Darrel Williams,RB,KAN,0,0,0,0,0,0,0,0,0.0,144,558,6,21,57,47,452,2,230,0,216,435,1
HendDa00,Darrell Henderson,RB,LAR,0,0,0,0,0,0,0,0,0.0,149,688,5,29,40,29,176,3,129,0,286,180,3
EvanDa02,Darrynton Evans,RB,TEN,0,0,0,0,0,0,0,0,0.0,2,7,0,5,2,2,11,0,6,0,5,15,0
JohnDa08,David Johnson,RB,HOU,0,0,0,0,0,0,0,0,0.0,67,228,0,15,42,32,225,1,117,1,119,191,1
MontDa01,David Montgomery,RB,CHI,0,1,0,0,1,0,0,0,0.0,225,849,7,41,51,42,301,0,131,1,417,273,2
DallDe00,DeeJay Dallas,RB,SEA,0,0,0,0,0,0,0,0,0.0,33,138,2,15,23,21,133,0,81,0,72,110,1
FeltDe00,Demetric Felton,RB,CLE,0,0,0,0,0,0,0,0,0.0,7,24,0,12,21,18,181,2,129,0,10,201,1
JackDe02,Deon Jackson,RB,IND,0,0,0,0,0,0,0,0,0.0,13,31,1,10,0,0,0,0,0,0,18,0,0
GoreDe00,Derrick Gore,RB,KAN,0,0,0,0,0,0,0,0,0.0,51,256,2,51,9,8,105,0,87,0,122,90,0
HenrDe00,Derrick Henry ,RB,TEN,1,1,5,1,0,0,0,5,15.8875,219,940,10,76,20,18,154,0,75,0,487,160,0
SingDe00,Devin Singletary,RB,BUF,0,0,0,0,0,0,0,0,0.0,188,870,7,46,50,40,228,1,113,0,441,241,5
OzigDe01,Devine Ozigbo,RB,NOR,0,0,0,0,0,0,0,0,0.0,1,-3,0,0,1,1,7,0,7,0,0,3,0
FreeDe00,Devonta Freeman,RB,BAL,0,0,0,0,0,0,0,0,0.0,133,576,5,32,42,34,190,1,89,0,205,178,1
BookDe00,Devontae Booker,RB,NYG,0,0,0,0,0,0,0,0,0.0,145,593,2,31,45,40,268,1,169,0,229,289,2
HillDo00,Dontrell Hilliard,RB,TEN,0,0,0,0,0,0,0,0,0.0,56,350,2,68,26,19,87,0,48,1,136,108,3
JohnDu00,Duke Johnson,RB,MIA,0,0,0,0,0,0,0,0,0.0,71,330,3,27,5,4,41,0,35,0,202,51,1
WashDw00,Dwayne Washington,RB,NOR,0,0,0,0,0,0,0,0,0.0,4,16,0,5,2,2,12,0,12,0,11,10,0
MitcEl00,Elijah Mitchell,RB,SFO,0,0,0,0,0,0,0,0,0.0,207,963,5,39,20,19,137,1,69,0,515,151,1
PennEl00,Elijhaa Penny,RB,NYG,0,0,0,0,0,0,0,0,0.0,24,99,1,12,12,9,30,1,27,0,56,34,0
BenjEn00,Eno Benjamin,RB,ARI,0,0,0,0,0,0,0,0,0.0,34,118,1,21,7,6,42,0,27,0,65,46,0
ElliEz00,Ezekiel Elliott,RB,DAL,1,1,4,0,0,0,0,4,4.8999999999999995,237,1002,10,47,65,47,287,2,163,1,409,278,3
NabeGa00,Gabe Nabers,RB,LAC,0,0,0,0,0,0,0,0,0.0,1,2,0,2,0,0,0,0,0,0,1,0,0
BrigGa00,Gary Brightwell,RB,NYG,0,0,0,0,0,0,0,0,0.0,1,4,0,4,1,1,6,0,6,0,1,5,0
BernGi00,Giovani Bernard,RB,TAM,0,0,0,0,0,0,0,0,0.0,8,58,0,24,29,23,123,3,98,0,21,134,1
RiccGi00,Giovanni Ricci,RB,CAR,0,0,0,0,0,0,0,0,0.0,0,0,0,0,0,0,0,0,0,0,0,0,0
IgweGo00,Godwin Igwebuike,RB,DET,0,0,0,0,0,0,0,0,0.0,18,118,1,42,10,7,60,0,40,2,62,64,2
SmitIt00,Ito Smith,RB,DAL,0,0,0,0,0,0,0,0,0.0,1,4,1,4,0,0,0,0,0,0,0,0,0
McKiJ.00,J.D. McKissic,RB,WAS,0,0,0,0,0,0,0,0,0.0,48,212,2,15,53,43,397,2,191,0,89,380,0
TaylJJ01,J.J. Taylor,RB,NWE,0,0,0,0,0,0,0,0,0.0,19,37,2,15,4,4,8,0,9,1,12,10,0
HardJa01,JaQuan Hardy,RB,DAL,0,0,0,0,0,0,0,0,0.0,4,29,1,22,0,0,0,0,0,0,14,0,0
PatrJa01,Jacques Patrick,RB,SFO,0,0,0,0,0,0,0,0,0.0,2,12,0,8,0,0,0,0,0,0,4,0,0
FunkJa00,Jake Funk,RB,LAR,0,0,0,0,0,0,0,0,0.0,2,5,0,6,0,0,0,0,0,0,3,0,0
RichJa01,Jalen Richard,RB,LVR,0,0,0,0,0,0,0,0,0.0,9,40,0,23,14,12,72,0,61,0,17,67,0
WillJa06,Jamaal Williams,RB,DET,0,0,0,0,0,0,0,0,0.0,153,601,3,20,28,26,157,0,72,0,219,156,1
ConnJa00,James Conner,RB,ARI,0,0,0,0,0,0,0,0,0.0,202,752,15,35,39,37,375,3,187,0,421,373,0
RobiJa00,James Robinson,RB,JAX,0,0,0,0,0,0,0,0,0.0,164,767,8,58,46,31,222,0,122,2,317,230,4
WhitJa02,James White,RB,NWE,0,0,0,0,0,0,0,0,0.0,10,38,1,10,14,12,94,0,54,0,8,70,1
HastJa02,Jamycal Hasty,RB,SFO,0,0,0,0,0,0,0,0,0.0,16,68,1,21,29,23,157,0,98,1,22,128,1
PattJa01,Jaret Patterson,RB,WAS,0,0,0,0,0,0,0,0,0.0,68,266,2,13,11,10,73,0,38,0,123,75,0
HuntJa01,Jason Huntley,RB,PHI,0,0,0,0,0,0,0,0,0.0,13,51,0,18,1,0,0,0,0,0,13,0,0
WillJa10,Javonte Williams,RB,DEN,0,0,0,0,0,0,0,0,0.0,203,903,4,49,53,43,316,3,197,1,460,343,3
SamuJa00,Jaylen Samuels,RB,HOU,0,0,0,0,0,0,0,0,0.0,5,9,0,3,4,3,14,0,6,0,8,17,1
WilsJe01,Jeff Wilson,RB,SFO,0,0,0,0,0,0,0,0,0.0,79,294,2,17,8,7,31,0,27,0,99,43,0
McNiJe00,Jeremy McNichols,RB,TEN,0,0,0,0,0,0,0,0,0.0,41,156,0,14,38,28,240,1,127,0,60,248,2
McKiJe00,Jerick McKinnon,RB,KAN,0,0,0,0,0,0,0,0,0.0,12,62,0,18,20,13,107,1,68,0,19,125,1
JeffJe00,Jermar Jefferson,RB,DET,0,0,0,0,0,0,0,0,0.0,15,74,2,28,5,4,23,0,11,0,24,21,0
MixoJo00,Joe Mixon,RB,CIN,0,0,0,0,0,0,0,0,0.0,292,1205,13,32,48,42,314,3,197,1,543,318,2
KellJo00,John Kelly,RB,CLE,0,0,0,0,0,0,0,0,0.0,2,13,0,11,0,0,0,0,0,0,6,0,0
TaylJo02,Jonathan Taylor,RB,IND,0,0,0,0,0,0,0,0,0.0,332,1811,18,83,51,40,360,2,237,2,941,406,5
WardJo00,Jonathan Ward,RB,ARI,0,0,0,0,0,0,0,0,0.0,9,33,0,7,4,3,34,0,34,0,12,26,0
WillJo07,Jonathan Williams,RB,WAS,0,0,0,0,0,0,0,0,0.0,17,79,1,23,6,4,28,0,32,0,53,36,0
HowaJo00,Jordan Howard,RB,PHI,0,0,0,0,0,0,0,0,0.0,86,406,3,25,5,2,19,0,10,0,198,14,1
WilkJo01,Jordan Wilkins,RB,IND,0,0,0,0,0,0,0,0,0.0,0,0,0,0,0,0,0,0,0,0,0,0,0
JacoJo01,Josh Jacobs,RB,LVR,0,0,0,0,0,0,0,0,0.0,217,872,9,28,64,54,348,0,172,2,442,391,5
KellJo01,Joshua Kelley,RB,LAC,0,0,0,0,0,0,0,0,0.0,33,102,0,14,6,5,38,0,40,1,43,31,0
JackJu01,Justin Jackson,RB,LAC,0,0,0,0,0,0,0,0,0.0,68,364,2,75,25,22,178,0,85,1,107,165,2
BallKa00,Kalen Ballage,RB,PIT,0,0,0,0,0,0,0,0,0.0,12,36,0,13,7,2,8,0,8,0,21,10,2
HuntKa00,Kareem Hunt,RB,CLE,0,0,0,0,0,0,0,0,0.0,78,386,5,33,27,22,174,0,79,0,221,172,1
VaugKe00,Ke'Shawn Vaughn,RB,TAM,0,0,0,0,0,0,0,0,0.0,36,180,2,55,8,4,26,0,15,0,122,14,2
NwanKe00,Kene Nwangwu,RB,MIN,0,0,0,0,0,0,0,0,0.0,13,61,0,19,5,4,9,0,12,0,29,19,0
BarnKe00,Kenjon Barner,RB,TAM,0,0,0,0,0,0,0,0,0.0,4,0,0,1,0,0,0,0,0,0,0,0,0
GainKe00,Kenneth Gainwell,RB,PHI,0,0,0,0,0,0,0,0,0.0,68,291,5,18,50,33,253,1,130,1,98,226,5
DrakKe00,Kenyan Drake,RB,LVR,0,0,0,0,0,0,0,0,0.0,63,254,2,21,40,30,291,1,143,0,107,259,0
HerbKh00,Khalil Herbert,RB,CHI,0,0,0,0,0,0,0,0,0.0,103,433,2,29,16,14,96,0,64,0,186,101,1
HillKy00,Kylin Hill,RB,GNB,0,0,0,0,0,0,0,0,0.0,10,24,0,8,2,1,5,0,5,0,9,7,0
PeriLa00,La'Mical Perine,RB,NYJ,0,0,0,0,0,0,0,0,0.0,8,31,0,14,0,0,0,0,0,0,8,0,0
RounLa00,Larry Rountree,RB,LAC,0,0,0,0,0,0,0,0,0.0,36,87,1,13,2,1,-1,0,-1,0,41,0,1
MurrLa00,Latavius Murray,RB,BAL,0,0,0,0,0,0,0,0,0.0,119,501,6,46,13,10,75,0,51,0,210,71,1
BellLe00,Le'Veon Bell,RB,BAL,0,0,0,0,0,0,0,0,0.0,39,101,2,12,7,5,30,1,15,0,43,26,1
FourLe00,Leonard Fournette,RB,TAM,0,1,0,0,0,0,0,0,2.8285714285714287,180,812,8,47,84,69,454,2,192,0,416,449,6
BrowMa03,Malcolm Brown,RB,MIA,0,0,0,0,0,0,0,0,0.0,33,125,1,24,5,3,10,0,10,0,55,8,0
IngrMa01,Mark Ingram,RB,HOU,0,0,0,0,0,0,0,0,0.0,160,554,2,28,35,27,162,0,89,1,317,164,0
MackMa00,Marlon Mack,RB,IND,0,0,0,0,0,0,0,0,0.0,28,101,0,22,5,2,8,0,8,0,36,4,0
BreiMa00,Matt Breida,RB,BUF,0,0,0,0,0,0,0,0,0.0,26,125,1,28,9,7,72,2,59,1,44,61,0
SargMe00,Mekhi Sargent,RB,TEN,0,0,0,0,0,0,0,0,0.0,5,11,0,3,1,0,0,0,0,0,5,0,1
GordMe00,Melvin Gordon,RB,DEN,0,0,0,0,0,0,0,0,0.0,203,918,8,70,38,28,213,2,165,3,456,186,3
CartMi03,Michael Carter,RB,NYJ,0,0,0,0,0,0,0,0,0.0,147,639,4,55,55,36,325,0,145,1,345,341,4
BoonMi00,Mike Boone,RB,DEN,0,0,0,0,0,0,0,0,0.0,4,35,0,16,2,2,22,0,22,0,8,24,0
DaviMi01,Mike Davis,RB,ATL,0,0,0,0,0,0,0,0,0.0,138,503,3,18,58,44,259,1,152,3,231,306,2
SandMi01,Miles Sanders,RB,PHI,0,0,0,0,0,0,0,0,0.0,137,754,0,38,34,26,158,0,106,1,283,227,1
GaskMy00,Myles Gaskin,RB,MIA,0,0,0,0,0,0,0,0,0.0,173,612,3,30,63,49,234,4,131,1,248,250,3
HarrNa00,Najee Harris,RB,PIT,0,0,0,0,0,0,0,0,0.0,307,1200,7,37,94,74,467,3,202,0,663,499,7
McCrNa00,Nate McCrary,RB,BAL,0,0,0,0,0,0,0,0,0.0,1,-1,0,-1,0,0,0,0,0,0,0,0,0
CottNa00,Nathan Cottrell,RB,JAX,0,0,0,0,0,0,0,0,0.0,1,3,0,3,0,0,0,0,0,0,3,0,0
BawdNi00,Nick Bawden,RB,NYJ,0,0,0,0,0,0,0,0,0.0,0,0,0,0,1,1,20,0,20,0,0,11,0
ChubNi00,Nick Chubb,RB,CLE,0,0,0,0,0,0,0,0,0.0,228,1259,8,70,25,20,174,1,131,1,692,172,0
HineNy00,Nyheim Hines,RB,IND,0,0,0,0,0,0,0,0,0.0,56,276,2,34,57,40,310,1,169,2,131,276,2
LairPa00,Patrick Laird,RB,MIA,0,0,0,0,0,0,0,0,0.0,1,4,0,4,3,3,17,0,17,0,2,20,0
TaylPa01,Patrick Taylor,RB,GNB,0,0,0,0,0,0,0,0,0.0,23,89,1,12,2,2,3,0,3,0,36,5,0
BarbPe01,Peyton Barber,RB,LVR,0,0,0,0,0,0,0,0,0.0,55,212,2,27,13,10,67,0,55,0,87,73,2
LindPh00,Phillip Lindsay,RB,HOU,0,0,0,0,0,0,0,0,0.0,88,249,1,35,5,4,45,1,39,0,81,53,1
OlliQa00,Qadree Ollison,RB,ATL,0,0,0,0,0,0,0,0,0.0,21,105,1,19,6,4,12,0,12,1,48,7,0
MostRa00,Raheem Mostert,RB,SFO,0,0,0,0,0,0,0,0,0.0,2,20,0,11,0,0,0,0,0,0,2,0,0
PennRa00,Rashaad Penny,RB,SEA,0,0,0,0,0,0,0,0,0.0,119,749,6,62,8,6,48,0,42,0,373,62,1
BonnRe00,Reggie Bonnafon,RB,CAR,0,0,0,0,0,0,0,0,0.0,1,4,0,4,2,2,12,0,6,0,0,9,0
BurkRe00,Rex Burkhead,RB,HOU,0,1,0,0,0,0,0,0,2.475,122,427,3,36,32,25,186,0,106,0,217,141,0
StevRh00,Rhamondre Stevenson,RB,NWE,0,0,0,0,0,0,0,0,0.0,133,606,5,21,18,14,123,0,97,1,356,145,1
SmitRo08,Rodney Smith,RB,CAR,0,0,0,0,0,0,0,0,0.0,0,0,0,0,5,5,48,0,17,0,0,32,0
JoneRo01,Ronald Jones II,RB,TAM,0,0,0,0,0,0,0,0,0.0,101,428,4,30,13,10,64,0,58,2,186,77,1
FreeRo00,Royce Freeman,RB,CAR,0,0,0,0,0,0,0,0,0.0,56,169,0,13,16,10,77,0,38,0,87,75,1
NallRy00,Ryan Nall,RB,CHI,0,0,0,0,0,0,0,0,0.0,1,4,0,4,1,1,4,0,4,0,4,0,0
ArmsRy00,Ryquell Armstead,RB,JAX,0,0,0,0,0,0,0,0,0.0,15,80,0,26,4,3,16,0,15,0,37,20,0
AhmeSa01,Salvon Ahmed,RB,MIA,0,0,0,0,0,0,0,0,0.0,54,149,0,16,19,12,117,0,93,0,73,113,4
PeriSa00,Samaje Perine,RB,CIN,0,0,0,0,0,0,0,0,0.0,55,246,1,46,31,27,196,1,144,0,130,198,1
BarkSa00,Saquon Barkley,RB,NYG,0,0,0,0,0,0,0,0,0.0,162,593,2,41,57,41,263,2,147,1,279,298,6
PhilSc01,Scottie Phillips,RB,HOU,0,0,0,0,0,0,0,0,0.0,6,13,0,4,3,2,9,0,8,0,4,7,0
MichSo00,Sony Michel,RB,LAR,0,0,0,0,0,0,0,0,0.0,208,845,4,39,33,21,128,1,99,1,400,133,3
JoneTa00,Taiwan Jones,RB,BUF,0,0,0,0,0,0,0,0,0.0,0,0,0,0,0,0,0,0,0,0,0,0,0
ColeTe01,Tevin Coleman,RB,NYJ,0,0,0,0,0,0,0,0,0.0,84,354,0,20,16,11,49,0,40,0,190,83,2
JoneTo04,Tony Jones,RB,NOR,0,0,0,0,0,0,0,0,0.0,54,142,0,11,8,5,29,0,25,0,64,28,0
PollTo00,Tony Pollard,RB,DAL,0,0,0,0,0,0,0,0,0.0,130,719,2,58,46,39,337,0,183,0,321,341,3
HomeTr00,Travis Homer,RB,SEA,0,0,0,0,0,0,0,0,0.0,21,177,1,73,20,16,161,0,121,0,56,128,1
WillTr06,Trayveon Williams,RB,CIN,0,0,0,0,0,0,0,0,0.0,15,51,0,10,2,1,4,0,4,0,25,11,0
CannTr00,Trenton Cannon,RB,BAL,0,0,0,0,0,0,0,0,0.0,3,4,0,3,0,0,0,0,0,0,2,0,0
RagaTr00,Trey Ragas,RB,LVR,0,0,0,0,0,0,0,0,0.0,1,9,0,9,2,2,6,0,4,0,2,13,0
SermTr00,Trey Sermon,RB,SFO,0,0,0,0,0,0,0,0,0.0,41,167,1,16,4,3,26,0,26,0,79,18,1
JohnTy02,Ty Johnson,RB,NYJ,0,0,0,0,0,0,0,0,0.0,61,238,2,24,55,34,372,2,164,1,64,334,7
MontTy01,Ty Montgomery,RB,NOR,0,0,0,0,0,0,0,0,0.0,0,0,0,0,1,1,5,0,5,0,0,5,0
WillTy01,Ty'Son Williams,RB,BAL,0,0,0,0,0,0,0,0,0.0,35,185,1,35,12,9,84,0,51,0,87,71,0
GallWa00,Wayne Gallman,RB,ATL,0,0,0,0,0,0,0,0,0.0,28,104,0,17,3,1,21,0,21,0,35,20,0
SmalWe00,Wendell Smallwood,RB,WAS,0,0,0,0,0,0,0,0,0.0,5,25,0,13,5,4,22,0,13,0,8,14,0
MossZa00,Zack Moss,RB,BUF,0,0,0,0,0,0,0,0,0.0,96,345,4,17,32,23,197,1,110,1,202,200,3
RodgAa00,Aaron Rodgers,QB,GNB,366,531,4115,37,4,30,188,75,112.50624999999998,33,101,3,18,1,1,-4,0,-4,0,17,0,0
DaltAn00,Andy Dalton,QB,CHI,149,236,1515,8,9,18,143,60,84.85000000000001,16,76,0,14,0,0,0,0,0,1,4,0,0
MayfBa00,Baker Mayfield,QB,CLE,253,418,3010,17,13,43,269,71,85.12142857142858,37,134,1,14,0,0,11,0,0,3,18,0,0
RoetBe00,Ben Roethlisberger,QB,PIT,390,605,3740,22,10,38,239,59,88.9375,20,5,1,8,0,0,0,0,0,5,3,0,0
GabbBl00,Blaine Gabbert,QB,TAM,7,11,67,0,0,1,10,23,61.0,9,-7,0,0,0,0,0,0,0,0,0,0,0
AlleBr00,Brandon Allen,QB,CIN,17,34,149,2,0,4,33,26,69.4,7,-1,0,3,0,0,0,0,0,0,2,0,0
RypiBr00,Brett Rypien,QB,DEN,0,2,0,0,0,0,0,0,39.6,0,0,0,0,0,0,0,0,0,0,0,0,0
HoyeBr00,Brian Hoyer,QB,NWE,9,11,227,1,0,0,0,48,78.34,11,-8,0,2,0,0,0,0,0,0,1,0,0
BeatC.00,C.J. Beathard,QB,JAX,2,2,33,0,0,0,0,28,59.35,1,2,0,2,0,0,0,0,0,0,0,0,0
NewtCa00,Cam Newton,QB,CAR,69,126,684,4,5,10,83,64,57.800000000000004,47,230,5,33,0,0,0,0,0,1,83,0,0
WentCa00,Carson Wentz,QB,IND,322,516,3563,27,7,32,227,76,95.15882352941176,57,215,1,18,0,0,0,0,0,5,57,0,0
KeenCa00,Case Keenum,QB,CLE,47,72,462,3,1,5,29,34,64.12,12,22,0,10,0,0,0,0,0,1,7,0,0
HennCh01,Chad Henne,QB,KAN,11,16,82,0,0,0,0,17,20.175,8,0,0,4,0,0,0,0,0,0,0,0,0
DaniCh00,Chase Daniel,QB,LAC,0,0,0,0,0,0,0,0,0.0,2,-2,0,-1,0,0,0,0,0,0,0,0,0
StreCh00,Chris Streveler,QB,ARI,6,9,36,0,0,2,17,17,37.15,3,6,0,4,0,0,0,0,0,0,5,0,0
McCoCo00,Colt McCoy,QB,ARI,74,99,740,3,1,6,40,50,52.1857142857143,22,37,0,11,0,0,0,0,0,1,7,0,0
RushCo00,Cooper Rush,QB,DAL,30,47,422,3,1,3,19,73,110.025,9,-8,0,2,0,0,0,0,0,1,0,0,0
PresDa01,Dak Prescott,QB,DAL,410,596,4449,37,10,29,138,51,104.98124999999999,48,146,1,21,0,0,0,0,0,6,25,0,0
JoneDa05,Daniel Jones,QB,NYG,232,361,2428,10,7,22,160,54,86.4,62,298,2,46,1,1,16,0,16,3,42,3,0
BlouDa00,David Blough,QB,DET,0,0,0,0,0,1,6,0,0.0,1,6,0,6,0,0,0,0,0,0,4,0,0
MillDa02,Davis Mills,QB,HOU,263,394,2664,16,10,31,206,67,87.63846153846156,18,44,0,11,0,0,0,0,0,1,7,0,0
WebbDa00,Davis Webb,QB,BUF,0,0,0,0,0,0,0,0,0.0,2,-3,0,-1,0,0,0,0,0,0,0,0,0
CarrDe02,Derek Carr,QB,LVR,428,626,4804,23,14,40,241,61,94.30588235294117,40,108,0,22,0,0,0,0,0,5,8,0,0
LockDr00,Drew Lock,QB,DEN,67,111,787,2,2,9,52,44,76.0,10,53,2,23,1,1,1,0,1,1,8,6,0
FranFe00,Feleipe Franks,QB,ATL,0,1,0,0,1,0,0,0,0.0,3,6,0,4,0,0,0,0,0,0,4,0,0
MinsGa00,Gardner Minshew II,QB,PHI,41,60,439,4,1,5,31,36,101.46666666666665,9,21,0,9,0,0,0,0,0,0,2,0,0
GilbGa01,Garrett Gilbert,QB,WAS,20,31,194,0,0,2,20,46,81.9,0,0,0,0,0,0,0,0,0,0,0,0,0
SmitGe00,Geno Smith,QB,SEA,65,95,702,5,1,13,117,84,100.125,9,42,1,12,0,0,0,0,0,1,14,0,0
BookIa00,Ian Book,QB,NOR,12,20,135,0,2,8,54,56,40.6,3,6,0,3,0,0,0,0,0,0,2,0,0
EasoJa00,Jacob Eason,QB,IND,2,5,25,0,1,0,0,10,16.7,0,0,0,0,0,0,0,0,0,0,0,0,0
BrisJa00,Jacoby Brissett,QB,MIA,141,225,1283,5,4,19,132,52,59.06,19,70,1,19,0,0,0,0,0,3,13,0,0
FromJa00,Jake Fromm,QB,NYG,27,60,210,1,3,6,33,36,43.93333333333334,8,65,0,27,0,0,0,0,0,1,35,0,0
HurtJa00,Jalen Hurts,QB,PHI,265,432,3144,16,9,26,150,91,87.30666666666667,139,784,10,31,1,0,0,0,0,2,142,0,0
WinsJa00,Jameis Winston,QB,NOR,95,161,1170,14,3,11,69,72,98.25714285714287,32,166,1,20,0,0,0,0,0,1,53,0,0
GoffJa00,Jared Goff,QB,DET,332,494,3245,19,8,35,280,63,92.69285714285716,17,87,0,26,0,0,0,0,0,6,2,0,0
GaroJi00,Jimmy Garoppolo,QB,SFO,301,441,3810,20,12,29,201,83,100.5,38,51,3,7,0,0,0,0,0,3,11,0,0
BurrJo01,Joe Burrow,QB,CIN,366,520,4611,34,14,51,370,82,107.3,40,118,2,12,0,0,0,0,0,2,34,0,0
FlacJo00,Joe Flacco,QB,NYJ,27,42,338,3,0,2,13,62,129.9,2,3,0,2,0,0,0,0,0,1,2,0,0
WolfJo00,John Wolford,QB,LAR,1,4,5,0,1,1,8,5,28.1,2,-1,0,0,0,0,0,0,0,0,0,0,0
LoveJo03,Jordan Love,QB,GNB,36,62,411,2,3,3,23,62,49.85,12,27,0,10,0,0,0,0,0,1,3,0,0
AlleJo02,Josh Allen,QB,BUF,409,646,4407,36,15,26,164,61,92.07647058823531,122,763,6,34,0,0,0,0,0,3,292,0,0
JohnJo05,Josh Johnson,QB,NYJ,57,85,638,5,2,3,23,28,87.73333333333333,9,28,0,11,0,0,0,0,0,0,6,0,0
RoseJo01,Josh Rosen,QB,ATL,2,11,19,0,2,0,0,14,14.133333333333333,0,0,0,0,0,0,0,0,0,0,0,0,0
FielJu00,Justin Fields,QB,CHI,159,270,1870,7,10,36,264,64,71.225,72,420,2,23,0,0,0,0,0,5,127,0,0
HerbJu00,Justin Herbert,QB,LAC,443,672,5014,38,15,31,214,72,98.51176470588236,63,302,3,36,0,0,0,0,0,1,48,0,0
MondKe00,Kellen Mond,QB,MIN,2,3,5,0,0,0,0,6,70.1,0,0,0,0,0,0,0,0,0,0,0,0,0
CousKi00,Kirk Cousins,QB,MIN,372,561,4221,33,7,28,197,64,102.45625,29,115,1,29,0,0,0,0,0,2,18,0,0
BenkKu01,Kurt Benkert,QB,GNB,0,0,0,0,0,0,0,0,0.0,2,-1,0,0,0,0,0,0,0,0,0,0,0
AlleKy00,Kyle Allen,QB,WAS,12,19,120,1,0,2,5,19,95.80000000000001,2,11,0,11,0,0,0,0,0,1,0,0,0
MurrKy00,Kyler Murray,QB,ARI,333,481,3787,24,10,31,286,77,103.05714285714285,88,423,5,57,0,0,7,0,0,0,47,0,0
JackLa00,Lamar Jackson,QB,BAL,246,382,2882,16,13,38,190,49,85.29166666666667,133,767,2,31,0,0,0,0,0,3,282,0,0
WoodLo00,Logan Woodside,QB,TEN,0,0,0,0,0,0,0,0,0.0,6,-6,0,-1,0,0,0,0,0,0,0,0,0
JoneMa05,Mac Jones,QB,NWE,352,521,3801,22,13,28,241,75,94.17647058823529,44,129,0,13,0,0,0,0,0,3,34,0,0
MariMa01,Marcus Mariota,QB,LVR,1,2,4,0,0,0,0,4,17.557142857142857,13,87,1,31,0,0,0,0,0,0,26,0,0
RudoMa00,Mason Rudolph,QB,PIT,35,58,277,1,1,0,0,36,71.5,5,53,0,26,0,0,0,0,0,0,28,0,0
RyanMa00,Matt Ryan,QB,ATL,375,560,3968,20,12,40,274,64,88.2235294117647,40,82,1,17,0,0,0,0,0,4,15,0,0
StafMa00,Matthew Stafford,QB,LAR,404,601,4886,41,17,30,243,79,105.07058823529411,32,43,0,12,0,0,0,0,0,2,7,0,0
GlenMi00,Mike Glennon,QB,NYG,90,167,790,4,10,9,68,60,48.06666666666667,7,33,1,13,0,0,0,0,0,3,0,0,0
WhitMi01,Mike White,QB,NYJ,88,132,953,5,8,4,18,28,81.875,5,-1,0,2,0,0,0,0,0,0,2,0,0
TrubMi00,Mitchell Trubisky,QB,BUF,6,8,43,0,1,0,0,15,65.24,13,24,1,22,0,0,0,0,0,0,0,0,0
PeteNa00,Nathan Peterman,QB,LVR,0,0,0,0,0,0,0,0,0.0,2,2,0,1,0,0,0,0,0,0,0,0,0
FoleNi00,Nick Foles ,QB,CHI,24,35,250,1,0,4,21,30,98.5,4,8,0,8,0,0,0,0,0,0,0,0,0
MullNi00,Nick Mullens,QB,CLE,20,30,147,1,0,0,0,25,89.2,0,0,0,0,0,0,0,0,0,0,0,0,0
WalkPh00,P.J. Walker,QB,CAR,36,66,362,1,3,7,47,24,51.46,7,13,0,13,0,0,0,0,0,1,0,0,0
MahoPa00,Patrick Mahomes,QB,KAN,436,658,4839,37,13,28,146,75,99.60588235294118,66,381,2,32,0,0,0,0,0,4,15,0,0
WilsRu00,Russell Wilson,QB,SEA,259,400,3113,25,6,33,266,69,103.57857142857142,43,183,2,17,0,0,0,0,0,1,48,0,0
FitzRy00,Ryan Fitzpatrick,QB,WAS,3,6,13,0,0,1,2,6,56.2,1,2,0,2,0,0,0,0,0,0,0,0,0
TannRy00,Ryan Tannehill,QB,TEN,357,531,3734,21,14,47,327,57,91.65882352941176,55,270,7,28,0,0,0,0,0,4,59,0,0
DarnSa00,Sam Darnold,QB,CAR,243,406,2527,9,13,35,204,63,70.88333333333334,48,222,5,30,0,0,0,0,0,4,17,0,0
EhliSa00,Sam Ehlinger,QB,IND,0,0,0,0,0,0,0,0,0.0,3,9,0,9,0,0,0,0,0,0,2,0,0
MannSe00,Sean Mannion,QB,MIN,22,36,189,1,0,2,15,30,84.1,2,14,0,11,0,0,0,0,0,0,3,0,0
HeinTa00,Taylor Heinicke,QB,WAS,321,494,3419,20,15,38,278,73,86.3625,60,313,1,38,1,1,-2,0,-2,2,35,2,0
HillTa00,Taysom Hill,QB,NOR,78,134,978,4,5,9,64,70,64.61666666666667,70,374,5,44,6,4,52,0,41,0,105,50,0
BridTe00,Teddy Bridgewater,QB,DEN,285,426,3052,18,7,31,211,64,95.45714285714284,30,106,2,13,0,0,0,0,0,1,35,0,0
BoylTi00,Tim Boyle,QB,DET,61,94,526,3,6,0,0,42,45.225,2,13,0,14,0,0,0,0,0,0,1,0,0
BradTo00,Tom Brady,QB,TAM,485,719,5316,43,12,22,144,62,101.90588235294116,28,81,2,13,0,0,0,0,0,3,14,0,0
LawrTr00,Trevor Lawrence,QB,JAX,359,602,3641,12,17,32,238,58,73.00588235294116,73,334,2,26,0,0,0,0,0,5,67,0,0
SiemTr00,Trevor Siemian,QB,NOR,108,188,1154,11,3,9,64,46,89.83333333333333,9,20,1,17,0,0,0,0,0,1,18,0,0
LancTr00,Trey Lance,QB,SFO,41,71,603,5,2,4,15,76,69.76666666666667,38,168,1,15,0,0,0,0,0,0,54,0,0
TagoTu00,Tua Tagovailoa,QB,MIA,263,388,2653,16,10,20,145,65,86.37692307692306,42,128,3,23,0,0,0,0,0,1,36,0,0
HuntTy01,Tyler Huntley,QB,BAL,122,188,1081,3,4,18,107,43,61.98571428571428,47,294,2,21,0,0,0,0,0,3,53,0,0
TaylTy00,Tyrod Taylor,QB,HOU,91,150,966,5,5,13,119,52,79.41666666666667,19,151,3,30,0,0,0,0,0,0,65,0,0
WilsZa00,Zach Wilson,QB,NYJ,213,383,2334,9,11,44,370,54,71.08461538461539,29,185,4,52,1,0,0,0,0,1,61,0,0
